,GAME_DATE_EST,HOME_TEAM_ID,VISITOR_TEAM_ID,SEASON,TEAM_ID_home,PTS_home,PTS_away,HOME_TEAM_WINS
0,2014-10-28,1610612747,1610612745,2014,1610612747,90.0,108.0,0
1,2014-10-28,1610612759,1610612742,2014,1610612759,101.0,100.0,1
2,2014-10-28,1610612740,1610612753,2014,1610612740,101.0,84.0,1
3,2014-10-29,1610612757,1610612760,2014,1610612757,106.0,89.0,1
4,2014-10-29,1610612758,1610612744,2014,1610612758,77.0,95.0,0
5,2014-10-29,1610612756,1610612747,2014,1610612756,119.0,99.0,1
6,2014-10-29,1610612762,1610612745,2014,1610612762,93.0,104.0,0
7,2014-10-29,1610612743,1610612765,2014,1610612743,89.0,79.0,1
8,2014-10-29,1610612752,1610612741,2014,1610612752,80.0,104.0,0
9,2014-10-29,1610612763,1610612750,2014,1610612763,105.0,101.0,1
10,2014-10-29,1610612761,1610612737,2014,1610612761,109.0,102.0,1
11,2014-10-29,1610612748,1610612764,2014,1610612748,107.0,95.0,1
12,2014-10-29,1610612738,1610612751,2014,1610612738,121.0,105.0,1
13,2014-10-29,1610612754,1610612755,2014,1610612754,103.0,91.0,1
14,2014-10-29,1610612766,1610612749,2014,1610612766,108.0,106.0,1
15,2014-10-30,1610612746,1610612760,2014,1610612746,93.0,90.0,1
16,2014-10-30,1610612742,1610612762,2014,1610612742,120.0,102.0,1
17,2014-10-30,1610612739,1610612752,2014,1610612739,90.0,95.0,0
18,2014-10-30,1610612750,1610612765,2014,1610612750,97.0,91.0,1
19,2014-10-30,1610612753,1610612764,2014,1610612753,98.0,105.0,0
20,2014-10-31,1610612747,1610612746,2014,1610612747,111.0,118.0,0
21,2014-10-31,1610612758,1610612757,2014,1610612758,103.0,94.0,1
22,2014-10-31,1610612756,1610612759,2014,1610612756,94.0,89.0,1
23,2014-10-31,1610612749,1610612755,2014,1610612749,93.0,81.0,1
24,2014-10-31,1610612741,1610612739,2014,1610612741,108.0,114.0,0
25,2014-10-31,1610612754,1610612763,2014,1610612754,89.0,97.0,0
26,2014-11-01,1610612744,1610612747,2014,1610612744,127.0,104.0,1
27,2014-11-01,1610612762,1610612756,2014,1610612762,118.0,91.0,1
28,2014-11-01,1610612760,1610612743,2014,1610612760,102.0,91.0,1
29,2014-11-01,1610612750,1610612741,2014,1610612750,105.0,106.0,0
30,2014-11-01,1610612745,1610612738,2014,1610612745,104.0,90.0,1
31,2014-11-01,1610612765,1610612751,2014,1610612765,90.0,102.0,0
32,2014-11-01,1610612737,1610612754,2014,1610612737,102.0,92.0,1
33,2014-11-01,1610612764,1610612749,2014,1610612764,108.0,97.0,1
34,2014-11-01,1610612755,1610612748,2014,1610612755,96.0,114.0,0
35,2014-11-01,1610612753,1610612761,2014,1610612753,95.0,108.0,0
36,2014-11-01,1610612766,1610612763,2014,1610612766,69.0,71.0,0
37,2014-11-01,1610612740,1610612742,2014,1610612740,104.0,109.0,0
38,2014-11-02,1610612757,1610612744,2014,1610612757,90.0,95.0,0
39,2014-11-02,1610612752,1610612766,2014,1610612752,96.0,93.0,1
40,2014-11-02,1610612748,1610612761,2014,1610612748,107.0,102.0,1
41,2014-11-02,1610612746,1610612758,2014,1610612746,92.0,98.0,0
42,2014-11-03,1610612746,1610612762,2014,1610612746,107.0,101.0,1
43,2014-11-03,1610612743,1610612758,2014,1610612743,105.0,110.0,0
44,2014-11-03,1610612742,1610612738,2014,1610612742,118.0,113.0,1
45,2014-11-03,1610612763,1610612740,2014,1610612763,93.0,81.0,1
46,2014-11-03,1610612751,1610612760,2014,1610612751,116.0,85.0,1
47,2014-11-03,1610612755,1610612745,2014,1610612755,93.0,104.0,0
48,2014-11-04,1610612747,1610612756,2014,1610612747,106.0,112.0,0
49,2014-11-04,1610612757,1610612739,2014,1610612757,101.0,82.0,1
50,2014-11-04,1610612740,1610612766,2014,1610612740,100.0,91.0,1
51,2014-11-04,1610612741,1610612753,2014,1610612741,98.0,90.0,1
52,2014-11-04,1610612761,1610612760,2014,1610612761,100.0,88.0,1
53,2014-11-04,1610612752,1610612764,2014,1610612752,83.0,98.0,0
54,2014-11-04,1610612748,1610612745,2014,1610612748,91.0,108.0,0
55,2014-11-04,1610612754,1610612749,2014,1610612754,81.0,87.0,0
56,2014-11-05,1610612744,1610612746,2014,1610612744,121.0,104.0,1
57,2014-11-05,1610612758,1610612743,2014,1610612758,131.0,109.0,1
58,2014-11-05,1610612762,1610612739,2014,1610612762,102.0,100.0,1
59,2014-11-05,1610612756,1610612763,2014,1610612756,91.0,102.0,0
60,2014-11-05,1610612759,1610612737,2014,1610612759,94.0,92.0,1
61,2014-11-05,1610612764,1610612754,2014,1610612764,96.0,94.0,1
62,2014-11-05,1610612749,1610612741,2014,1610612749,86.0,95.0,0
63,2014-11-05,1610612765,1610612752,2014,1610612765,98.0,95.0,1
64,2014-11-05,1610612751,1610612750,2014,1610612751,91.0,98.0,0
65,2014-11-05,1610612738,1610612761,2014,1610612738,107.0,110.0,0
66,2014-11-05,1610612755,1610612753,2014,1610612755,89.0,91.0,0
67,2014-11-05,1610612766,1610612748,2014,1610612766,96.0,89.0,1
68,2014-11-06,1610612757,1610612742,2014,1610612757,108.0,87.0,1
69,2014-11-06,1610612745,1610612759,2014,1610612745,98.0,81.0,1
70,2014-11-07,1610612743,1610612739,2014,1610612743,101.0,110.0,0
71,2014-11-07,1610612762,1610612742,2014,1610612762,82.0,105.0,0
72,2014-11-07,1610612756,1610612758,2014,1610612756,112.0,114.0,0
73,2014-11-07,1610612760,1610612763,2014,1610612760,89.0,91.0,0
74,2014-11-07,1610612761,1610612764,2014,1610612761,103.0,84.0,1
75,2014-11-07,1610612765,1610612749,2014,1610612765,98.0,95.0,1
76,2014-11-07,1610612751,1610612752,2014,1610612751,110.0,99.0,1
77,2014-11-07,1610612738,1610612754,2014,1610612738,101.0,98.0,1
78,2014-11-07,1610612755,1610612741,2014,1610612755,115.0,118.0,0
79,2014-11-07,1610612753,1610612750,2014,1610612753,112.0,103.0,1
80,2014-11-07,1610612766,1610612737,2014,1610612766,122.0,119.0,1
81,2014-11-08,1610612759,1610612740,2014,1610612759,99.0,100.0,0
82,2014-11-08,1610612749,1610612763,2014,1610612749,93.0,92.0,1
83,2014-11-08,1610612745,1610612744,2014,1610612745,87.0,98.0,0
84,2014-11-08,1610612741,1610612738,2014,1610612741,101.0,106.0,0
85,2014-11-08,1610612748,1610612750,2014,1610612748,102.0,92.0,1
86,2014-11-08,1610612737,1610612752,2014,1610612737,103.0,96.0,1
87,2014-11-08,1610612754,1610612764,2014,1610612754,90.0,97.0,0
88,2014-11-08,1610612746,1610612757,2014,1610612746,106.0,102.0,1
89,2014-11-09,1610612747,1610612766,2014,1610612747,107.0,92.0,1
90,2014-11-09,1610612757,1610612743,2014,1610612757,116.0,100.0,1
91,2014-11-09,1610612756,1610612744,2014,1610612756,107.0,95.0,1
92,2014-11-09,1610612742,1610612748,2014,1610612742,96.0,105.0,0
93,2014-11-09,1610612761,1610612755,2014,1610612761,120.0,88.0,1
94,2014-11-09,1610612760,1610612758,2014,1610612760,101.0,93.0,1
95,2014-11-09,1610612765,1610612762,2014,1610612765,96.0,97.0,0
96,2014-11-09,1610612751,1610612753,2014,1610612751,104.0,96.0,1
97,2014-11-10,1610612746,1610612759,2014,1610612746,85.0,89.0,0
98,2014-11-10,1610612741,1610612765,2014,1610612741,102.0,91.0,1
99,2014-11-10,1610612752,1610612737,2014,1610612752,85.0,91.0,0
100,2014-11-10,1610612754,1610612762,2014,1610612754,97.0,86.0,1
101,2014-11-10,1610612739,1610612740,2014,1610612739,118.0,111.0,1
102,2014-11-11,1610612744,1610612759,2014,1610612744,100.0,113.0,0
103,2014-11-11,1610612757,1610612766,2014,1610612757,102.0,100.0,1
104,2014-11-11,1610612742,1610612758,2014,1610612742,106.0,98.0,1
105,2014-11-11,1610612749,1610612760,2014,1610612749,85.0,78.0,1
106,2014-11-11,1610612763,1610612747,2014,1610612763,107.0,102.0,1
107,2014-11-11,1610612761,1610612753,2014,1610612761,104.0,100.0,1
108,2014-11-12,1610612750,1610612745,2014,1610612750,101.0,113.0,0
109,2014-11-12,1610612756,1610612751,2014,1610612756,112.0,104.0,1
110,2014-11-12,1610612743,1610612757,2014,1610612743,113.0,130.0,0
111,2014-11-12,1610612740,1610612747,2014,1610612740,109.0,102.0,1
112,2014-11-12,1610612752,1610612753,2014,1610612752,95.0,97.0,0
113,2014-11-12,1610612748,1610612754,2014,1610612748,75.0,81.0,0
114,2014-11-12,1610612738,1610612760,2014,1610612738,94.0,109.0,0
115,2014-11-12,1610612737,1610612762,2014,1610612737,100.0,97.0,1
116,2014-11-12,1610612764,1610612765,2014,1610612764,107.0,103.0,1
117,2014-11-13,1610612744,1610612751,2014,1610612744,107.0,99.0,1
118,2014-11-13,1610612742,1610612755,2014,1610612742,123.0,70.0,1
119,2014-11-13,1610612761,1610612741,2014,1610612761,93.0,100.0,0
120,2014-11-13,1610612763,1610612758,2014,1610612763,111.0,110.0,1
121,2014-11-14,1610612747,1610612759,2014,1610612747,80.0,93.0,0
122,2014-11-14,1610612756,1610612766,2014,1610612756,95.0,103.0,0
123,2014-11-14,1610612760,1610612765,2014,1610612760,89.0,96.0,0
124,2014-11-14,1610612740,1610612750,2014,1610612740,139.0,91.0,1
125,2014-11-14,1610612745,1610612755,2014,1610612745,88.0,87.0,1
126,2014-11-14,1610612752,1610612762,2014,1610612752,100.0,102.0,0
127,2014-11-14,1610612738,1610612739,2014,1610612738,121.0,122.0,0
128,2014-11-14,1610612737,1610612748,2014,1610612737,114.0,103.0,1
129,2014-11-14,1610612753,1610612749,2014,1610612753,101.0,85.0,1
130,2014-11-14,1610612754,1610612743,2014,1610612754,87.0,108.0,0
131,2014-11-15,1610612746,1610612756,2014,1610612746,120.0,107.0,1
132,2014-11-15,1610612744,1610612766,2014,1610612744,112.0,87.0,1
133,2014-11-15,1610612758,1610612759,2014,1610612758,94.0,91.0,1
134,2014-11-15,1610612757,1610612751,2014,1610612757,97.0,87.0,1
135,2014-11-15,1610612742,1610612750,2014,1610612742,131.0,117.0,1
136,2014-11-15,1610612763,1610612765,2014,1610612763,95.0,88.0,1
137,2014-11-15,1610612741,1610612754,2014,1610612741,90.0,99.0,0
138,2014-11-15,1610612761,1610612762,2014,1610612761,111.0,93.0,1
139,2014-11-15,1610612739,1610612737,2014,1610612739,127.0,94.0,1
140,2014-11-15,1610612764,1610612753,2014,1610612764,98.0,93.0,1
141,2014-11-16,1610612747,1610612744,2014,1610612747,115.0,136.0,0
142,2014-11-16,1610612760,1610612745,2014,1610612760,65.0,69.0,0
143,2014-11-16,1610612748,1610612749,2014,1610612748,84.0,91.0,0
144,2014-11-16,1610612752,1610612743,2014,1610612752,109.0,93.0,1
145,2014-11-17,1610612746,1610612741,2014,1610612746,89.0,105.0,0
146,2014-11-17,1610612757,1610612740,2014,1610612757,102.0,93.0,1
147,2014-11-17,1610612759,1610612755,2014,1610612759,100.0,75.0,1
148,2014-11-17,1610612763,1610612745,2014,1610612763,119.0,93.0,1
149,2014-11-17,1610612765,1610612753,2014,1610612765,93.0,107.0,0
150,2014-11-17,1610612751,1610612748,2014,1610612751,83.0,95.0,0
151,2014-11-17,1610612738,1610612756,2014,1610612738,114.0,118.0,0
152,2014-11-17,1610612739,1610612743,2014,1610612739,97.0,106.0,0
153,2014-11-17,1610612766,1610612742,2014,1610612766,80.0,107.0,0
154,2014-11-18,1610612758,1610612740,2014,1610612758,100.0,106.0,0
155,2014-11-18,1610612762,1610612760,2014,1610612762,98.0,81.0,1
156,2014-11-18,1610612749,1610612752,2014,1610612749,117.0,113.0,1
157,2014-11-18,1610612737,1610612747,2014,1610612737,109.0,114.0,0
158,2014-11-19,1610612745,1610612747,2014,1610612745,92.0,98.0,0
159,2014-11-19,1610612743,1610612760,2014,1610612743,107.0,100.0,1
160,2014-11-19,1610612750,1610612752,2014,1610612750,115.0,99.0,1
161,2014-11-19,1610612761,1610612763,2014,1610612761,96.0,92.0,1
162,2014-11-19,1610612765,1610612756,2014,1610612765,86.0,88.0,0
163,2014-11-19,1610612751,1610612749,2014,1610612751,118.0,122.0,0
164,2014-11-19,1610612764,1610612742,2014,1610612764,102.0,105.0,0
165,2014-11-19,1610612755,1610612738,2014,1610612755,90.0,101.0,0
166,2014-11-19,1610612753,1610612746,2014,1610612753,90.0,114.0,0
167,2014-11-19,1610612754,1610612766,2014,1610612754,88.0,86.0,1
168,2014-11-19,1610612739,1610612759,2014,1610612739,90.0,92.0,0
169,2014-11-20,1610612758,1610612741,2014,1610612758,103.0,88.0,1
170,2014-11-20,1610612748,1610612746,2014,1610612748,93.0,110.0,0
171,2014-11-21,1610612757,1610612741,2014,1610612757,105.0,87.0,1
172,2014-11-21,1610612744,1610612762,2014,1610612744,101.0,88.0,1
173,2014-11-21,1610612743,1610612740,2014,1610612743,117.0,97.0,1
174,2014-11-21,1610612742,1610612747,2014,1610612742,140.0,106.0,1
175,2014-11-21,1610612764,1610612739,2014,1610612764,91.0,78.0,1
176,2014-11-21,1610612760,1610612751,2014,1610612760,92.0,94.0,0
177,2014-11-21,1610612750,1610612759,2014,1610612750,92.0,121.0,0
178,2014-11-21,1610612763,1610612738,2014,1610612763,117.0,100.0,1
179,2014-11-21,1610612761,1610612749,2014,1610612761,124.0,82.0,1
180,2014-11-21,1610612737,1610612765,2014,1610612737,99.0,89.0,1
181,2014-11-21,1610612755,1610612756,2014,1610612755,96.0,122.0,0
182,2014-11-21,1610612766,1610612753,2014,1610612766,100.0,105.0,0
183,2014-11-22,1610612762,1610612740,2014,1610612762,94.0,106.0,0
184,2014-11-22,1610612759,1610612751,2014,1610612759,99.0,87.0,1
185,2014-11-22,1610612749,1610612764,2014,1610612749,100.0,111.0,0
186,2014-11-22,1610612750,1610612758,2014,1610612750,101.0,113.0,0
187,2014-11-22,1610612745,1610612742,2014,1610612745,95.0,92.0,1
188,2014-11-22,1610612752,1610612755,2014,1610612752,91.0,83.0,1
189,2014-11-22,1610612739,1610612761,2014,1610612739,93.0,110.0,0
190,2014-11-22,1610612753,1610612748,2014,1610612753,92.0,99.0,0
191,2014-11-22,1610612754,1610612756,2014,1610612754,83.0,106.0,0
192,2014-11-23,1610612747,1610612743,2014,1610612747,94.0,101.0,0
193,2014-11-23,1610612760,1610612744,2014,1610612760,86.0,91.0,0
194,2014-11-23,1610612748,1610612766,2014,1610612748,94.0,93.0,1
195,2014-11-23,1610612738,1610612757,2014,1610612738,88.0,94.0,0
196,2014-11-23,1610612763,1610612746,2014,1610612763,107.0,91.0,1
197,2014-11-24,1610612762,1610612741,2014,1610612762,95.0,97.0,0
198,2014-11-24,1610612742,1610612754,2014,1610612742,100.0,111.0,0
199,2014-11-24,1610612745,1610612752,2014,1610612745,91.0,86.0,1
200,2014-11-24,1610612761,1610612756,2014,1610612761,104.0,100.0,1
201,2014-11-24,1610612755,1610612757,2014,1610612755,104.0,114.0,0
202,2014-11-24,1610612739,1610612753,2014,1610612739,106.0,74.0,1
203,2014-11-24,1610612766,1610612746,2014,1610612766,92.0,113.0,0
204,2014-11-25,1610612743,1610612741,2014,1610612743,114.0,109.0,1
205,2014-11-25,1610612740,1610612758,2014,1610612740,89.0,99.0,0
206,2014-11-25,1610612749,1610612765,2014,1610612749,98.0,86.0,1
207,2014-11-25,1610612748,1610612744,2014,1610612748,97.0,114.0,0
208,2014-11-25,1610612764,1610612737,2014,1610612764,102.0,106.0,0
209,2014-11-26,1610612747,1610612763,2014,1610612747,93.0,99.0,0
210,2014-11-26,1610612756,1610612743,2014,1610612756,120.0,112.0,1
211,2014-11-26,1610612759,1610612754,2014,1610612759,106.0,100.0,1
212,2014-11-26,1610612760,1610612762,2014,1610612760,97.0,82.0,1
213,2014-11-26,1610612750,1610612749,2014,1610612750,86.0,103.0,0
214,2014-11-26,1610612745,1610612758,2014,1610612745,102.0,89.0,1
215,2014-11-26,1610612765,1610612746,2014,1610612765,98.0,104.0,0
216,2014-11-26,1610612737,1610612761,2014,1610612737,115.0,126.0,0
217,2014-11-26,1610612742,1610612752,2014,1610612742,109.0,102.0,1
218,2014-11-26,1610612755,1610612751,2014,1610612755,91.0,99.0,0
219,2014-11-26,1610612753,1610612744,2014,1610612753,96.0,111.0,0
220,2014-11-26,1610612739,1610612764,2014,1610612739,113.0,87.0,1
221,2014-11-26,1610612766,1610612757,2014,1610612766,97.0,105.0,0
222,2014-11-28,1610612747,1610612750,2014,1610612747,119.0,120.0,0
223,2014-11-28,1610612757,1610612763,2014,1610612757,99.0,112.0,0
224,2014-11-28,1610612743,1610612756,2014,1610612743,122.0,97.0,1
225,2014-11-28,1610612759,1610612758,2014,1610612759,112.0,104.0,1
226,2014-11-28,1610612754,1610612753,2014,1610612754,98.0,83.0,1
227,2014-11-28,1610612760,1610612752,2014,1610612760,105.0,78.0,1
228,2014-11-28,1610612745,1610612746,2014,1610612745,85.0,102.0,0
229,2014-11-28,1610612761,1610612742,2014,1610612761,102.0,106.0,0
230,2014-11-28,1610612765,1610612749,2014,1610612765,88.0,104.0,0
231,2014-11-28,1610612737,1610612740,2014,1610612737,100.0,91.0,1
232,2014-11-28,1610612766,1610612744,2014,1610612766,101.0,106.0,0
233,2014-11-28,1610612738,1610612741,2014,1610612738,102.0,109.0,0
234,2014-11-29,1610612749,1610612745,2014,1610612749,103.0,117.0,0
235,2014-11-29,1610612762,1610612746,2014,1610612762,96.0,112.0,0
236,2014-11-29,1610612739,1610612754,2014,1610612739,109.0,97.0,1
237,2014-11-29,1610612737,1610612766,2014,1610612737,105.0,75.0,1
238,2014-11-29,1610612764,1610612740,2014,1610612764,83.0,80.0,1
239,2014-11-29,1610612755,1610612742,2014,1610612755,103.0,110.0,0
240,2014-11-30,1610612747,1610612761,2014,1610612747,129.0,122.0,1
241,2014-11-30,1610612757,1610612750,2014,1610612757,107.0,93.0,1
242,2014-11-30,1610612756,1610612753,2014,1610612756,90.0,93.0,0
243,2014-11-30,1610612752,1610612748,2014,1610612752,79.0,86.0,0
244,2014-11-30,1610612758,1610612763,2014,1610612758,85.0,97.0,0
245,2014-11-30,1610612765,1610612744,2014,1610612765,93.0,104.0,0
246,2014-11-30,1610612751,1610612741,2014,1610612751,84.0,102.0,0
247,2014-11-30,1610612738,1610612759,2014,1610612738,89.0,111.0,0
248,2014-12-01,1610612746,1610612750,2014,1610612746,127.0,101.0,1
249,2014-12-01,1610612762,1610612743,2014,1610612762,101.0,103.0,0
250,2014-12-01,1610612764,1610612748,2014,1610612764,107.0,86.0,1
251,2014-12-01,1610612755,1610612759,2014,1610612755,103.0,109.0,0
252,2014-12-02,1610612744,1610612753,2014,1610612744,98.0,97.0,1
253,2014-12-02,1610612758,1610612761,2014,1610612758,109.0,117.0,0
254,2014-12-02,1610612756,1610612754,2014,1610612756,116.0,99.0,1
255,2014-12-02,1610612743,1610612757,2014,1610612743,103.0,105.0,0
256,2014-12-02,1610612740,1610612760,2014,1610612740,112.0,104.0,1
257,2014-12-02,1610612741,1610612742,2014,1610612741,129.0,132.0,0
258,2014-12-02,1610612752,1610612751,2014,1610612752,93.0,98.0,0
259,2014-12-02,1610612765,1610612747,2014,1610612765,96.0,106.0,0
260,2014-12-02,1610612737,1610612738,2014,1610612737,109.0,105.0,1
261,2014-12-02,1610612739,1610612749,2014,1610612739,111.0,108.0,1
262,2014-12-03,1610612746,1610612753,2014,1610612746,114.0,86.0,1
263,2014-12-03,1610612762,1610612761,2014,1610612762,104.0,123.0,0
264,2014-12-03,1610612750,1610612755,2014,1610612750,77.0,85.0,0
265,2014-12-03,1610612749,1610612742,2014,1610612749,105.0,107.0,0
266,2014-12-03,1610612745,1610612763,2014,1610612745,105.0,96.0,1
267,2014-12-03,1610612748,1610612737,2014,1610612748,102.0,112.0,0
268,2014-12-03,1610612751,1610612759,2014,1610612751,95.0,93.0,1
269,2014-12-03,1610612738,1610612765,2014,1610612738,109.0,102.0,1
270,2014-12-03,1610612764,1610612747,2014,1610612764,111.0,95.0,1
271,2014-12-03,1610612766,1610612741,2014,1610612766,95.0,102.0,0
272,2014-12-04,1610612744,1610612740,2014,1610612744,112.0,85.0,1
273,2014-12-04,1610612757,1610612754,2014,1610612757,88.0,82.0,1
274,2014-12-04,1610612752,1610612739,2014,1610612752,87.0,90.0,0
275,2014-12-05,1610612758,1610612754,2014,1610612758,102.0,101.0,1
276,2014-12-05,1610612762,1610612753,2014,1610612762,93.0,98.0,0
277,2014-12-05,1610612749,1610612748,2014,1610612749,109.0,85.0,1
278,2014-12-05,1610612742,1610612756,2014,1610612742,106.0,118.0,0
279,2014-12-05,1610612750,1610612745,2014,1610612750,112.0,114.0,0
280,2014-12-05,1610612763,1610612759,2014,1610612763,101.0,107.0,0
281,2014-12-05,1610612761,1610612739,2014,1610612761,91.0,105.0,0
282,2014-12-05,1610612751,1610612737,2014,1610612751,75.0,98.0,0
283,2014-12-05,1610612738,1610612747,2014,1610612738,113.0,96.0,1
284,2014-12-05,1610612764,1610612743,2014,1610612764,119.0,89.0,1
285,2014-12-05,1610612755,1610612760,2014,1610612755,91.0,103.0,0
286,2014-12-05,1610612766,1610612752,2014,1610612766,103.0,102.0,1
287,2014-12-06,1610612746,1610612740,2014,1610612746,120.0,100.0,1
288,2014-12-06,1610612758,1610612753,2014,1610612758,96.0,105.0,0
289,2014-12-06,1610612759,1610612750,2014,1610612759,123.0,101.0,1
290,2014-12-06,1610612745,1610612756,2014,1610612745,100.0,95.0,1
291,2014-12-06,1610612741,1610612744,2014,1610612741,102.0,112.0,0
292,2014-12-06,1610612765,1610612755,2014,1610612765,101.0,108.0,0
293,2014-12-07,1610612747,1610612740,2014,1610612747,87.0,104.0,0
294,2014-12-07,1610612752,1610612757,2014,1610612752,99.0,103.0,0
295,2014-12-07,1610612742,1610612749,2014,1610612742,125.0,102.0,1
296,2014-12-07,1610612765,1610612760,2014,1610612765,94.0,96.0,0
297,2014-12-07,1610612763,1610612748,2014,1610612763,103.0,87.0,1
298,2014-12-07,1610612737,1610612743,2014,1610612737,96.0,84.0,1
299,2014-12-07,1610612738,1610612764,2014,1610612738,101.0,93.0,1
300,2014-12-08,1610612746,1610612756,2014,1610612746,121.0,120.0,1
301,2014-12-08,1610612758,1610612762,2014,1610612758,101.0,92.0,1
302,2014-12-08,1610612750,1610612744,2014,1610612750,86.0,102.0,0
303,2014-12-08,1610612761,1610612743,2014,1610612761,112.0,107.0,1
304,2014-12-08,1610612751,1610612739,2014,1610612751,88.0,110.0,0
305,2014-12-08,1610612764,1610612738,2014,1610612764,133.0,132.0,1
306,2014-12-08,1610612754,1610612737,2014,1610612754,92.0,108.0,0
307,2014-12-09,1610612747,1610612758,2014,1610612747,98.0,95.0,1
308,2014-12-09,1610612762,1610612759,2014,1610612762,100.0,96.0,1
309,2014-12-09,1610612756,1610612748,2014,1610612756,97.0,103.0,0
310,2014-12-09,1610612760,1610612749,2014,1610612760,114.0,101.0,1
311,2014-12-09,1610612740,1610612752,2014,1610612740,104.0,93.0,1
312,2014-12-09,1610612763,1610612742,2014,1610612763,114.0,105.0,1
313,2014-12-09,1610612765,1610612757,2014,1610612765,86.0,98.0,0
314,2014-12-09,1610612739,1610612761,2014,1610612739,105.0,101.0,1
315,2014-12-10,1610612743,1610612748,2014,1610612743,102.0,82.0,1
316,2014-12-10,1610612744,1610612745,2014,1610612744,105.0,93.0,1
317,2014-12-10,1610612759,1610612752,2014,1610612759,109.0,95.0,1
318,2014-12-10,1610612742,1610612740,2014,1610612742,112.0,107.0,1
319,2014-12-10,1610612750,1610612757,2014,1610612750,90.0,82.0,1
320,2014-12-10,1610612741,1610612751,2014,1610612741,105.0,80.0,1
321,2014-12-10,1610612737,1610612755,2014,1610612737,95.0,79.0,1
322,2014-12-10,1610612753,1610612764,2014,1610612753,89.0,91.0,0
323,2014-12-10,1610612754,1610612746,2014,1610612754,96.0,103.0,0
324,2014-12-10,1610612766,1610612738,2014,1610612766,96.0,87.0,1
325,2014-12-11,1610612758,1610612745,2014,1610612758,109.0,113.0,0
326,2014-12-11,1610612760,1610612739,2014,1610612760,103.0,94.0,1
327,2014-12-12,1610612759,1610612747,2014,1610612759,110.0,112.0,0
328,2014-12-12,1610612762,1610612748,2014,1610612762,95.0,100.0,0
329,2014-12-12,1610612756,1610612765,2014,1610612756,103.0,105.0,0
330,2014-12-12,1610612740,1610612739,2014,1610612740,119.0,114.0,1
331,2014-12-12,1610612750,1610612760,2014,1610612750,92.0,111.0,0
332,2014-12-12,1610612763,1610612766,2014,1610612763,113.0,107.0,1
333,2014-12-12,1610612761,1610612754,2014,1610612761,106.0,94.0,1
334,2014-12-12,1610612751,1610612755,2014,1610612751,88.0,70.0,1
335,2014-12-12,1610612738,1610612752,2014,1610612738,95.0,101.0,0
336,2014-12-12,1610612737,1610612753,2014,1610612737,87.0,81.0,1
337,2014-12-12,1610612764,1610612746,2014,1610612764,104.0,96.0,1
338,2014-12-12,1610612741,1610612757,2014,1610612741,115.0,106.0,1
339,2014-12-13,1610612758,1610612765,2014,1610612758,90.0,95.0,0
340,2014-12-13,1610612745,1610612743,2014,1610612745,108.0,96.0,1
341,2014-12-13,1610612755,1610612763,2014,1610612755,115.0,120.0,0
342,2014-12-13,1610612749,1610612746,2014,1610612749,111.0,106.0,1
343,2014-12-13,1610612753,1610612737,2014,1610612753,100.0,99.0,1
344,2014-12-13,1610612754,1610612757,2014,1610612754,85.0,95.0,0
345,2014-12-13,1610612766,1610612751,2014,1610612766,87.0,114.0,0
346,2014-12-13,1610612742,1610612744,2014,1610612742,98.0,105.0,0
347,2014-12-14,1610612743,1610612759,2014,1610612743,91.0,99.0,0
348,2014-12-14,1610612752,1610612761,2014,1610612752,90.0,95.0,0
349,2014-12-14,1610612760,1610612756,2014,1610612760,112.0,88.0,1
350,2014-12-14,1610612750,1610612747,2014,1610612750,94.0,100.0,0
351,2014-12-14,1610612764,1610612762,2014,1610612764,93.0,84.0,1
352,2014-12-14,1610612748,1610612741,2014,1610612748,75.0,93.0,0
353,2014-12-14,1610612740,1610612744,2014,1610612740,122.0,128.0,0
354,2014-12-15,1610612746,1610612765,2014,1610612746,113.0,91.0,1
355,2014-12-15,1610612757,1610612759,2014,1610612757,108.0,95.0,1
356,2014-12-15,1610612756,1610612749,2014,1610612756,94.0,96.0,0
357,2014-12-15,1610612761,1610612753,2014,1610612761,95.0,82.0,1
358,2014-12-15,1610612737,1610612741,2014,1610612737,93.0,86.0,1
359,2014-12-15,1610612755,1610612738,2014,1610612755,87.0,105.0,0
360,2014-12-15,1610612754,1610612747,2014,1610612754,110.0,91.0,1
361,2014-12-15,1610612739,1610612766,2014,1610612739,97.0,88.0,1
362,2014-12-16,1610612758,1610612760,2014,1610612758,92.0,104.0,0
363,2014-12-16,1610612752,1610612742,2014,1610612752,87.0,107.0,0
364,2014-12-16,1610612740,1610612762,2014,1610612740,119.0,111.0,1
365,2014-12-16,1610612763,1610612744,2014,1610612763,105.0,98.0,1
366,2014-12-16,1610612751,1610612748,2014,1610612751,91.0,95.0,0
367,2014-12-16,1610612764,1610612750,2014,1610612764,109.0,95.0,1
368,2014-12-17,1610612743,1610612745,2014,1610612743,111.0,115.0,0
369,2014-12-17,1610612746,1610612754,2014,1610612746,102.0,100.0,1
370,2014-12-17,1610612757,1610612749,2014,1610612757,104.0,97.0,1
371,2014-12-17,1610612759,1610612763,2014,1610612759,116.0,117.0,0
372,2014-12-17,1610612761,1610612751,2014,1610612761,105.0,89.0,1
373,2014-12-17,1610612748,1610612762,2014,1610612748,87.0,105.0,0
374,2014-12-17,1610612765,1610612742,2014,1610612765,106.0,117.0,0
375,2014-12-17,1610612738,1610612753,2014,1610612738,109.0,92.0,1
376,2014-12-17,1610612739,1610612737,2014,1610612739,98.0,127.0,0
377,2014-12-17,1610612766,1610612756,2014,1610612766,106.0,111.0,0
378,2014-12-18,1610612744,1610612760,2014,1610612744,114.0,109.0,1
379,2014-12-18,1610612758,1610612749,2014,1610612758,107.0,108.0,0
380,2014-12-18,1610612745,1610612740,2014,1610612745,90.0,99.0,0
381,2014-12-18,1610612741,1610612752,2014,1610612741,103.0,97.0,1
382,2014-12-19,1610612747,1610612760,2014,1610612747,103.0,104.0,0
383,2014-12-19,1610612743,1610612746,2014,1610612743,109.0,106.0,1
384,2014-12-19,1610612759,1610612757,2014,1610612759,119.0,129.0,0
385,2014-12-19,1610612763,1610612741,2014,1610612763,97.0,103.0,0
386,2014-12-19,1610612748,1610612764,2014,1610612748,103.0,105.0,0
387,2014-12-19,1610612765,1610612761,2014,1610612765,100.0,110.0,0
388,2014-12-19,1610612739,1610612751,2014,1610612739,95.0,91.0,1
389,2014-12-19,1610612738,1610612750,2014,1610612738,114.0,98.0,1
390,2014-12-19,1610612755,1610612766,2014,1610612755,91.0,109.0,0
391,2014-12-19,1610612753,1610612762,2014,1610612753,94.0,101.0,0
392,2014-12-20,1610612746,1610612749,2014,1610612746,106.0,102.0,1
393,2014-12-20,1610612743,1610612754,2014,1610612743,76.0,73.0,1
394,2014-12-20,1610612742,1610612759,2014,1610612742,99.0,93.0,1
395,2014-12-20,1610612745,1610612737,2014,1610612745,97.0,104.0,0
396,2014-12-20,1610612766,1610612762,2014,1610612766,104.0,86.0,1
397,2014-12-20,1610612740,1610612757,2014,1610612740,88.0,114.0,0
398,2014-12-20,1610612752,1610612756,2014,1610612752,90.0,99.0,0
399,2014-12-21,1610612760,1610612740,2014,1610612760,99.0,101.0,0
400,2014-12-21,1610612750,1610612754,2014,1610612750,96.0,100.0,0
401,2014-12-21,1610612764,1610612756,2014,1610612764,92.0,104.0,0
402,2014-12-21,1610612753,1610612755,2014,1610612753,88.0,96.0,0
403,2014-12-21,1610612748,1610612738,2014,1610612748,100.0,84.0,1
404,2014-12-21,1610612751,1610612765,2014,1610612751,110.0,105.0,1
405,2014-12-21,1610612758,1610612747,2014,1610612758,108.0,101.0,1
406,2014-12-21,1610612739,1610612763,2014,1610612739,105.0,91.0,1
407,2014-12-21,1610612761,1610612752,2014,1610612761,118.0,108.0,1
408,2014-12-22,1610612744,1610612758,2014,1610612744,128.0,108.0,1
409,2014-12-22,1610612759,1610612746,2014,1610612759,125.0,118.0,1
410,2014-12-22,1610612742,1610612737,2014,1610612742,102.0,105.0,0
411,2014-12-22,1610612763,1610612762,2014,1610612763,91.0,97.0,0
412,2014-12-22,1610612745,1610612757,2014,1610612745,110.0,95.0,1
413,2014-12-22,1610612741,1610612761,2014,1610612741,129.0,120.0,1
414,2014-12-22,1610612766,1610612743,2014,1610612766,110.0,82.0,1
415,2014-12-23,1610612747,1610612744,2014,1610612747,115.0,105.0,1
416,2014-12-23,1610612756,1610612742,2014,1610612756,124.0,115.0,1
417,2014-12-23,1610612760,1610612757,2014,1610612760,111.0,115.0,0
418,2014-12-23,1610612749,1610612766,2014,1610612749,101.0,108.0,0
419,2014-12-23,1610612748,1610612755,2014,1610612748,87.0,91.0,0
420,2014-12-23,1610612751,1610612743,2014,1610612751,102.0,96.0,1
421,2014-12-23,1610612737,1610612746,2014,1610612737,107.0,104.0,1
422,2014-12-23,1610612764,1610612741,2014,1610612764,91.0,99.0,0
423,2014-12-23,1610612753,1610612738,2014,1610612753,100.0,95.0,1
424,2014-12-23,1610612754,1610612740,2014,1610612754,96.0,84.0,1
425,2014-12-23,1610612739,1610612750,2014,1610612739,125.0,104.0,1
426,2014-12-25,1610612746,1610612744,2014,1610612746,100.0,86.0,1
427,2014-12-25,1610612741,1610612747,2014,1610612741,113.0,93.0,1
428,2014-12-25,1610612748,1610612739,2014,1610612748,101.0,91.0,1
429,2014-12-25,1610612759,1610612760,2014,1610612759,106.0,114.0,0
430,2014-12-25,1610612752,1610612764,2014,1610612752,91.0,102.0,0
431,2014-12-26,1610612758,1610612756,2014,1610612758,106.0,115.0,0
432,2014-12-26,1610612757,1610612755,2014,1610612757,114.0,93.0,1
433,2014-12-26,1610612743,1610612750,2014,1610612743,106.0,102.0,1
434,2014-12-26,1610612742,1610612747,2014,1610612742,102.0,98.0,1
435,2014-12-26,1610612760,1610612766,2014,1610612760,98.0,75.0,1
436,2014-12-26,1610612740,1610612759,2014,1610612740,97.0,90.0,1
437,2014-12-26,1610612763,1610612745,2014,1610612763,111.0,117.0,0
438,2014-12-26,1610612765,1610612754,2014,1610612765,119.0,109.0,1
439,2014-12-26,1610612737,1610612749,2014,1610612737,77.0,107.0,0
440,2014-12-26,1610612753,1610612739,2014,1610612753,89.0,98.0,0
441,2014-12-26,1610612738,1610612751,2014,1610612738,107.0,109.0,0
442,2014-12-27,1610612744,1610612750,2014,1610612744,110.0,97.0,1
443,2014-12-27,1610612758,1610612752,2014,1610612758,135.0,129.0,1
444,2014-12-27,1610612762,1610612755,2014,1610612762,88.0,71.0,1
445,2014-12-27,1610612749,1610612737,2014,1610612749,85.0,90.0,0
446,2014-12-27,1610612751,1610612754,2014,1610612751,85.0,110.0,0
447,2014-12-27,1610612741,1610612740,2014,1610612741,107.0,100.0,1
448,2014-12-27,1610612748,1610612763,2014,1610612748,95.0,103.0,0
449,2014-12-27,1610612764,1610612738,2014,1610612764,101.0,88.0,1
450,2014-12-27,1610612766,1610612753,2014,1610612766,94.0,102.0,0
451,2014-12-27,1610612746,1610612761,2014,1610612746,98.0,110.0,0
452,2014-12-28,1610612747,1610612756,2014,1610612747,107.0,116.0,0
453,2014-12-28,1610612743,1610612761,2014,1610612743,102.0,116.0,0
454,2014-12-28,1610612757,1610612752,2014,1610612757,101.0,79.0,1
455,2014-12-28,1610612742,1610612760,2014,1610612742,112.0,107.0,1
456,2014-12-28,1610612759,1610612745,2014,1610612759,110.0,106.0,1
457,2014-12-28,1610612739,1610612765,2014,1610612739,80.0,103.0,0
458,2014-12-29,1610612746,1610612762,2014,1610612746,101.0,97.0,1
459,2014-12-29,1610612745,1610612764,2014,1610612745,103.0,104.0,0
460,2014-12-29,1610612748,1610612753,2014,1610612748,101.0,102.0,0
461,2014-12-29,1610612751,1610612758,2014,1610612751,107.0,99.0,1
462,2014-12-29,1610612754,1610612741,2014,1610612754,90.0,92.0,0
463,2014-12-29,1610612766,1610612749,2014,1610612766,94.0,104.0,0
464,2014-12-30,1610612744,1610612755,2014,1610612744,126.0,86.0,1
465,2014-12-30,1610612757,1610612761,2014,1610612757,102.0,97.0,1
466,2014-12-30,1610612762,1610612750,2014,1610612762,100.0,94.0,1
467,2014-12-30,1610612743,1610612747,2014,1610612743,103.0,111.0,0
468,2014-12-30,1610612742,1610612764,2014,1610612742,114.0,87.0,1
469,2014-12-30,1610612740,1610612756,2014,1610612740,110.0,106.0,1
470,2014-12-30,1610612763,1610612759,2014,1610612763,95.0,87.0,1
471,2014-12-30,1610612741,1610612751,2014,1610612741,82.0,96.0,0
472,2014-12-30,1610612737,1610612739,2014,1610612737,109.0,101.0,1
473,2014-12-30,1610612753,1610612765,2014,1610612753,86.0,109.0,0
474,2014-12-31,1610612760,1610612756,2014,1610612760,137.0,134.0,1
475,2014-12-31,1610612759,1610612740,2014,1610612759,95.0,93.0,1
476,2014-12-31,1610612739,1610612749,2014,1610612739,80.0,96.0,0
477,2014-12-31,1610612745,1610612766,2014,1610612745,102.0,83.0,1
478,2014-12-31,1610612746,1610612752,2014,1610612746,99.0,78.0,1
479,2014-12-31,1610612754,1610612748,2014,1610612754,106.0,95.0,1
480,2014-12-31,1610612738,1610612758,2014,1610612738,106.0,84.0,1
481,2015-01-01,1610612750,1610612758,2014,1610612750,107.0,110.0,0
482,2015-01-01,1610612741,1610612743,2014,1610612741,106.0,101.0,1
483,2015-01-02,1610612747,1610612763,2014,1610612747,106.0,109.0,0
484,2015-01-02,1610612744,1610612761,2014,1610612744,126.0,105.0,1
485,2015-01-02,1610612762,1610612737,2014,1610612762,92.0,98.0,0
486,2015-01-02,1610612756,1610612755,2014,1610612756,112.0,96.0,1
487,2015-01-02,1610612749,1610612754,2014,1610612749,91.0,94.0,0
488,2015-01-02,1610612760,1610612764,2014,1610612760,109.0,102.0,1
489,2015-01-02,1610612740,1610612745,2014,1610612740,111.0,83.0,1
490,2015-01-02,1610612752,1610612765,2014,1610612752,81.0,97.0,0
491,2015-01-02,1610612738,1610612742,2014,1610612738,101.0,119.0,0
492,2015-01-02,1610612753,1610612751,2014,1610612753,98.0,100.0,0
493,2015-01-02,1610612766,1610612739,2014,1610612766,87.0,91.0,0
494,2015-01-03,1610612746,1610612755,2014,1610612746,127.0,91.0,1
495,2015-01-03,1610612757,1610612737,2014,1610612757,107.0,115.0,0
496,2015-01-03,1610612743,1610612763,2014,1610612743,114.0,85.0,1
497,2015-01-03,1610612759,1610612764,2014,1610612759,101.0,92.0,1
498,2015-01-03,1610612750,1610612762,2014,1610612750,89.0,101.0,0
499,2015-01-03,1610612745,1610612748,2014,1610612745,115.0,79.0,1
500,2015-01-03,1610612741,1610612738,2014,1610612741,109.0,104.0,1
501,2015-01-03,1610612753,1610612766,2014,1610612753,90.0,98.0,0
502,2015-01-04,1610612747,1610612754,2014,1610612747,88.0,87.0,1
503,2015-01-04,1610612756,1610612761,2014,1610612756,125.0,109.0,1
504,2015-01-04,1610612752,1610612749,2014,1610612752,82.0,95.0,0
505,2015-01-04,1610612748,1610612751,2014,1610612748,88.0,84.0,1
506,2015-01-04,1610612765,1610612758,2014,1610612765,114.0,95.0,1
507,2015-01-04,1610612739,1610612742,2014,1610612739,90.0,109.0,0
508,2015-01-05,1610612746,1610612737,2014,1610612746,98.0,107.0,0
509,2015-01-05,1610612744,1610612760,2014,1610612744,117.0,91.0,1
510,2015-01-05,1610612757,1610612747,2014,1610612757,98.0,94.0,1
511,2015-01-05,1610612762,1610612754,2014,1610612762,101.0,105.0,0
512,2015-01-05,1610612740,1610612764,2014,1610612740,85.0,92.0,0
513,2015-01-05,1610612750,1610612743,2014,1610612750,101.0,110.0,0
514,2015-01-05,1610612763,1610612752,2014,1610612763,105.0,83.0,1
515,2015-01-05,1610612741,1610612745,2014,1610612741,114.0,105.0,1
516,2015-01-05,1610612751,1610612742,2014,1610612751,88.0,96.0,0
517,2015-01-05,1610612738,1610612766,2014,1610612738,95.0,104.0,0
518,2015-01-05,1610612755,1610612739,2014,1610612755,95.0,92.0,1
519,2015-01-06,1610612759,1610612765,2014,1610612759,104.0,105.0,0
520,2015-01-06,1610612749,1610612756,2014,1610612749,96.0,102.0,0
521,2015-01-07,1610612746,1610612747,2014,1610612746,114.0,89.0,1
522,2015-01-07,1610612744,1610612754,2014,1610612744,117.0,102.0,1
523,2015-01-07,1610612758,1610612760,2014,1610612758,104.0,83.0,1
524,2015-01-07,1610612750,1610612756,2014,1610612750,111.0,113.0,0
525,2015-01-07,1610612743,1610612753,2014,1610612743,93.0,90.0,1
526,2015-01-07,1610612742,1610612765,2014,1610612742,95.0,108.0,0
527,2015-01-07,1610612741,1610612762,2014,1610612741,77.0,97.0,0
528,2015-01-07,1610612751,1610612738,2014,1610612751,81.0,89.0,0
529,2015-01-07,1610612737,1610612763,2014,1610612737,96.0,86.0,1
530,2015-01-07,1610612764,1610612752,2014,1610612764,101.0,91.0,1
531,2015-01-07,1610612755,1610612749,2014,1610612755,77.0,97.0,0
532,2015-01-07,1610612739,1610612745,2014,1610612739,93.0,105.0,0
533,2015-01-07,1610612766,1610612740,2014,1610612766,98.0,94.0,1
534,2015-01-08,1610612757,1610612748,2014,1610612757,99.0,83.0,1
535,2015-01-08,1610612752,1610612745,2014,1610612752,96.0,120.0,0
536,2015-01-08,1610612761,1610612766,2014,1610612761,95.0,103.0,0
537,2015-01-09,1610612747,1610612753,2014,1610612747,101.0,84.0,1
538,2015-01-09,1610612744,1610612739,2014,1610612744,112.0,94.0,1
539,2015-01-09,1610612758,1610612743,2014,1610612758,108.0,118.0,0
540,2015-01-09,1610612759,1610612756,2014,1610612759,100.0,95.0,1
541,2015-01-09,1610612749,1610612750,2014,1610612749,98.0,84.0,1
542,2015-01-09,1610612764,1610612741,2014,1610612764,102.0,86.0,1
543,2015-01-09,1610612760,1610612762,2014,1610612760,99.0,94.0,1
544,2015-01-09,1610612740,1610612763,2014,1610612740,106.0,95.0,1
545,2015-01-09,1610612765,1610612737,2014,1610612765,103.0,106.0,0
546,2015-01-09,1610612751,1610612755,2014,1610612751,88.0,90.0,0
547,2015-01-09,1610612754,1610612738,2014,1610612754,107.0,103.0,1
548,2015-01-10,1610612757,1610612753,2014,1610612757,103.0,92.0,1
549,2015-01-10,1610612750,1610612759,2014,1610612750,93.0,108.0,0
550,2015-01-10,1610612745,1610612762,2014,1610612745,97.0,82.0,1
551,2015-01-10,1610612741,1610612749,2014,1610612741,95.0,87.0,1
552,2015-01-10,1610612761,1610612738,2014,1610612761,109.0,96.0,1
553,2015-01-10,1610612755,1610612754,2014,1610612755,93.0,92.0,1
554,2015-01-10,1610612765,1610612751,2014,1610612765,98.0,93.0,1
555,2015-01-10,1610612746,1610612742,2014,1610612746,120.0,100.0,1
556,2015-01-10,1610612752,1610612766,2014,1610612752,82.0,110.0,0
557,2015-01-11,1610612747,1610612757,2014,1610612747,94.0,106.0,0
558,2015-01-11,1610612758,1610612739,2014,1610612758,103.0,84.0,1
559,2015-01-11,1610612763,1610612756,2014,1610612763,122.0,110.0,1
560,2015-01-11,1610612746,1610612748,2014,1610612746,90.0,104.0,0
561,2015-01-11,1610612737,1610612764,2014,1610612737,120.0,89.0,1
562,2015-01-12,1610612741,1610612753,2014,1610612741,114.0,121.0,0
563,2015-01-12,1610612761,1610612765,2014,1610612761,111.0,114.0,0
564,2015-01-12,1610612751,1610612745,2014,1610612751,99.0,113.0,0
565,2015-01-12,1610612738,1610612740,2014,1610612738,108.0,100.0,1
566,2015-01-13,1610612747,1610612748,2014,1610612747,75.0,78.0,0
567,2015-01-13,1610612758,1610612742,2014,1610612758,104.0,108.0,0
568,2015-01-13,1610612762,1610612744,2014,1610612762,105.0,116.0,0
569,2015-01-13,1610612756,1610612739,2014,1610612756,107.0,100.0,1
570,2015-01-13,1610612764,1610612759,2014,1610612764,101.0,93.0,1
571,2015-01-13,1610612755,1610612737,2014,1610612755,87.0,105.0,0
572,2015-01-13,1610612754,1610612750,2014,1610612754,101.0,110.0,0
573,2015-01-14,1610612757,1610612746,2014,1610612757,94.0,100.0,0
574,2015-01-14,1610612744,1610612748,2014,1610612744,104.0,89.0,1
575,2015-01-14,1610612743,1610612742,2014,1610612743,114.0,107.0,1
576,2015-01-14,1610612738,1610612737,2014,1610612738,91.0,105.0,0
577,2015-01-14,1610612741,1610612764,2014,1610612741,99.0,105.0,0
578,2015-01-14,1610612761,1610612755,2014,1610612761,100.0,84.0,1
579,2015-01-14,1610612765,1610612740,2014,1610612765,94.0,105.0,0
580,2015-01-14,1610612751,1610612763,2014,1610612751,92.0,103.0,0
581,2015-01-14,1610612753,1610612745,2014,1610612753,120.0,113.0,1
582,2015-01-14,1610612766,1610612759,2014,1610612766,93.0,98.0,0
583,2015-01-15,1610612747,1610612739,2014,1610612747,102.0,109.0,0
584,2015-01-15,1610612745,1610612760,2014,1610612745,112.0,101.0,1
585,2015-01-15,1610612749,1610612752,2014,1610612749,95.0,79.0,1
586,2015-01-16,1610612746,1610612739,2014,1610612746,121.0,126.0,0
587,2015-01-16,1610612758,1610612748,2014,1610612758,83.0,95.0,0
588,2015-01-16,1610612762,1610612747,2014,1610612762,94.0,85.0,1
589,2015-01-16,1610612756,1610612750,2014,1610612756,110.0,99.0,1
590,2015-01-16,1610612759,1610612757,2014,1610612759,110.0,96.0,1
591,2015-01-16,1610612742,1610612743,2014,1610612742,97.0,89.0,1
592,2015-01-16,1610612760,1610612744,2014,1610612760,127.0,115.0,1
593,2015-01-16,1610612761,1610612737,2014,1610612761,89.0,110.0,0
594,2015-01-16,1610612738,1610612741,2014,1610612738,103.0,119.0,0
595,2015-01-16,1610612764,1610612751,2014,1610612764,80.0,102.0,0
596,2015-01-16,1610612755,1610612740,2014,1610612755,96.0,81.0,1
597,2015-01-16,1610612753,1610612763,2014,1610612753,96.0,106.0,0
598,2015-01-16,1610612754,1610612765,2014,1610612754,96.0,98.0,0
599,2015-01-17,1610612758,1610612746,2014,1610612758,108.0,117.0,0
600,2015-01-17,1610612743,1610612750,2014,1610612743,105.0,113.0,0
601,2015-01-17,1610612763,1610612757,2014,1610612763,102.0,98.0,1
602,2015-01-17,1610612751,1610612764,2014,1610612751,90.0,99.0,0
603,2015-01-17,1610612745,1610612744,2014,1610612745,106.0,131.0,0
604,2015-01-17,1610612741,1610612737,2014,1610612741,99.0,107.0,0
605,2015-01-17,1610612765,1610612755,2014,1610612765,107.0,89.0,1
606,2015-01-17,1610612766,1610612754,2014,1610612766,80.0,71.0,1
607,2015-01-18,1610612759,1610612762,2014,1610612759,89.0,69.0,1
608,2015-01-18,1610612753,1610612760,2014,1610612753,99.0,127.0,0
609,2015-01-18,1610612761,1610612740,2014,1610612761,93.0,95.0,0
610,2015-01-19,1610612756,1610612747,2014,1610612756,115.0,100.0,1
611,2015-01-19,1610612757,1610612758,2014,1610612757,98.0,94.0,1
612,2015-01-19,1610612749,1610612761,2014,1610612749,89.0,92.0,0
613,2015-01-19,1610612739,1610612741,2014,1610612739,108.0,94.0,1
614,2015-01-19,1610612752,1610612740,2014,1610612752,99.0,92.0,1
615,2015-01-19,1610612745,1610612754,2014,1610612745,110.0,98.0,1
616,2015-01-19,1610612763,1610612742,2014,1610612763,95.0,103.0,0
617,2015-01-19,1610612744,1610612743,2014,1610612744,122.0,79.0,1
618,2015-01-19,1610612746,1610612738,2014,1610612746,102.0,93.0,1
619,2015-01-19,1610612737,1610612765,2014,1610612737,93.0,82.0,1
620,2015-01-19,1610612764,1610612755,2014,1610612764,111.0,76.0,1
621,2015-01-19,1610612766,1610612750,2014,1610612766,105.0,80.0,1
622,2015-01-20,1610612743,1610612759,2014,1610612743,99.0,109.0,0
623,2015-01-20,1610612748,1610612760,2014,1610612748,86.0,94.0,0
624,2015-01-21,1610612744,1610612745,2014,1610612744,126.0,113.0,1
625,2015-01-21,1610612758,1610612751,2014,1610612758,100.0,103.0,0
626,2015-01-21,1610612756,1610612757,2014,1610612756,118.0,113.0,1
627,2015-01-21,1610612764,1610612760,2014,1610612764,103.0,105.0,0
628,2015-01-21,1610612740,1610612747,2014,1610612740,96.0,80.0,1
629,2015-01-21,1610612750,1610612742,2014,1610612750,75.0,98.0,0
630,2015-01-21,1610612763,1610612761,2014,1610612763,92.0,86.0,1
631,2015-01-21,1610612765,1610612753,2014,1610612765,128.0,118.0,1
632,2015-01-21,1610612737,1610612754,2014,1610612737,110.0,91.0,1
633,2015-01-21,1610612755,1610612752,2014,1610612755,91.0,98.0,0
634,2015-01-21,1610612739,1610612762,2014,1610612739,106.0,92.0,1
635,2015-01-21,1610612766,1610612748,2014,1610612766,78.0,76.0,1
636,2015-01-22,1610612746,1610612751,2014,1610612746,123.0,84.0,1
637,2015-01-22,1610612757,1610612738,2014,1610612757,89.0,90.0,0
638,2015-01-22,1610612749,1610612762,2014,1610612749,99.0,101.0,0
639,2015-01-22,1610612741,1610612759,2014,1610612741,104.0,81.0,1
640,2015-01-23,1610612744,1610612758,2014,1610612744,126.0,101.0,1
641,2015-01-23,1610612756,1610612745,2014,1610612756,111.0,113.0,0
642,2015-01-23,1610612743,1610612738,2014,1610612743,99.0,100.0,0
643,2015-01-23,1610612759,1610612747,2014,1610612759,99.0,85.0,1
644,2015-01-23,1610612750,1610612740,2014,1610612750,84.0,92.0,0
645,2015-01-23,1610612742,1610612741,2014,1610612742,98.0,102.0,0
646,2015-01-23,1610612752,1610612753,2014,1610612752,113.0,106.0,1
647,2015-01-23,1610612748,1610612754,2014,1610612748,89.0,87.0,1
648,2015-01-23,1610612739,1610612766,2014,1610612739,129.0,90.0,1
649,2015-01-23,1610612737,1610612760,2014,1610612737,103.0,93.0,1
650,2015-01-23,1610612755,1610612761,2014,1610612755,86.0,91.0,0
651,2015-01-24,1610612757,1610612764,2014,1610612757,103.0,96.0,1
652,2015-01-24,1610612762,1610612751,2014,1610612762,108.0,73.0,1
653,2015-01-24,1610612763,1610612755,2014,1610612763,101.0,83.0,1
654,2015-01-24,1610612749,1610612765,2014,1610612749,101.0,86.0,1
655,2015-01-24,1610612766,1610612752,2014,1610612766,76.0,71.0,1
656,2015-01-25,1610612747,1610612745,2014,1610612747,87.0,99.0,0
657,2015-01-25,1610612743,1610612764,2014,1610612743,115.0,117.0,0
658,2015-01-25,1610612744,1610612738,2014,1610612744,114.0,111.0,1
659,2015-01-25,1610612761,1610612765,2014,1610612761,114.0,110.0,1
660,2015-01-25,1610612759,1610612749,2014,1610612759,101.0,95.0,1
661,2015-01-25,1610612753,1610612754,2014,1610612753,99.0,106.0,0
662,2015-01-25,1610612737,1610612750,2014,1610612737,112.0,100.0,1
663,2015-01-25,1610612740,1610612742,2014,1610612740,109.0,106.0,1
664,2015-01-25,1610612756,1610612746,2014,1610612756,100.0,120.0,0
665,2015-01-25,1610612739,1610612760,2014,1610612739,108.0,98.0,1
666,2015-01-25,1610612741,1610612748,2014,1610612741,84.0,96.0,0
667,2015-01-26,1610612746,1610612743,2014,1610612746,102.0,98.0,1
668,2015-01-26,1610612762,1610612738,2014,1610612762,90.0,99.0,0
669,2015-01-26,1610612760,1610612750,2014,1610612760,92.0,84.0,1
670,2015-01-26,1610612740,1610612755,2014,1610612740,99.0,74.0,1
671,2015-01-26,1610612763,1610612753,2014,1610612763,103.0,94.0,1
672,2015-01-27,1610612747,1610612764,2014,1610612747,92.0,98.0,0
673,2015-01-27,1610612744,1610612741,2014,1610612744,111.0,113.0,0
674,2015-01-27,1610612742,1610612763,2014,1610612742,90.0,109.0,0
675,2015-01-27,1610612748,1610612749,2014,1610612748,102.0,109.0,0
676,2015-01-27,1610612765,1610612739,2014,1610612765,95.0,103.0,0
677,2015-01-27,1610612754,1610612761,2014,1610612754,91.0,104.0,0
678,2015-01-28,1610612756,1610612764,2014,1610612756,106.0,98.0,1
679,2015-01-28,1610612762,1610612746,2014,1610612762,89.0,94.0,0
680,2015-01-28,1610612759,1610612766,2014,1610612759,95.0,86.0,1
681,2015-01-28,1610612752,1610612760,2014,1610612752,100.0,92.0,1
682,2015-01-28,1610612740,1610612743,2014,1610612740,85.0,93.0,0
683,2015-01-28,1610612750,1610612738,2014,1610612750,110.0,98.0,1
684,2015-01-28,1610612745,1610612742,2014,1610612745,99.0,94.0,1
685,2015-01-28,1610612737,1610612751,2014,1610612737,113.0,102.0,1
686,2015-01-28,1610612761,1610612758,2014,1610612761,119.0,102.0,1
687,2015-01-28,1610612755,1610612765,2014,1610612755,89.0,69.0,1
688,2015-01-28,1610612739,1610612757,2014,1610612739,99.0,94.0,1
689,2015-01-29,1610612747,1610612741,2014,1610612747,123.0,118.0,1
690,2015-01-29,1610612763,1610612743,2014,1610612763,99.0,69.0,1
691,2015-01-29,1610612754,1610612752,2014,1610612754,103.0,82.0,1
692,2015-01-29,1610612753,1610612749,2014,1610612753,100.0,115.0,0
693,2015-01-30,1610612756,1610612741,2014,1610612756,99.0,93.0,1
694,2015-01-30,1610612762,1610612744,2014,1610612762,110.0,100.0,1
695,2015-01-30,1610612748,1610612742,2014,1610612748,72.0,93.0,0
696,2015-01-30,1610612740,1610612746,2014,1610612740,108.0,103.0,1
697,2015-01-30,1610612739,1610612758,2014,1610612739,101.0,90.0,1
698,2015-01-30,1610612751,1610612761,2014,1610612751,122.0,127.0,0
699,2015-01-30,1610612738,1610612745,2014,1610612738,87.0,93.0,0
700,2015-01-30,1610612737,1610612757,2014,1610612737,105.0,99.0,1
701,2015-01-30,1610612755,1610612750,2014,1610612755,103.0,94.0,1
702,2015-01-31,1610612744,1610612756,2014,1610612744,106.0,87.0,1
703,2015-01-31,1610612759,1610612746,2014,1610612759,85.0,105.0,0
704,2015-01-31,1610612743,1610612766,2014,1610612743,86.0,104.0,0
705,2015-01-31,1610612749,1610612757,2014,1610612749,95.0,88.0,1
706,2015-01-31,1610612750,1610612739,2014,1610612750,90.0,106.0,0
707,2015-01-31,1610612763,1610612760,2014,1610612763,85.0,74.0,1
708,2015-01-31,1610612765,1610612745,2014,1610612765,114.0,101.0,1
709,2015-01-31,1610612737,1610612755,2014,1610612737,91.0,85.0,1
710,2015-01-31,1610612764,1610612761,2014,1610612764,116.0,120.0,0
711,2015-01-31,1610612753,1610612742,2014,1610612753,93.0,108.0,0
712,2015-01-31,1610612754,1610612758,2014,1610612754,94.0,99.0,0
713,2015-02-01,1610612752,1610612747,2014,1610612752,92.0,80.0,1
714,2015-02-01,1610612738,1610612748,2014,1610612738,75.0,83.0,0
715,2015-02-02,1610612756,1610612763,2014,1610612756,101.0,102.0,0
716,2015-02-02,1610612742,1610612750,2014,1610612742,100.0,94.0,1
717,2015-02-02,1610612760,1610612753,2014,1610612760,104.0,97.0,1
718,2015-02-02,1610612740,1610612737,2014,1610612740,115.0,100.0,1
719,2015-02-02,1610612761,1610612749,2014,1610612761,75.0,82.0,0
720,2015-02-02,1610612751,1610612746,2014,1610612751,102.0,100.0,1
721,2015-02-02,1610612764,1610612766,2014,1610612764,88.0,92.0,0
722,2015-02-02,1610612739,1610612755,2014,1610612739,97.0,84.0,1
723,2015-02-03,1610612758,1610612744,2014,1610612758,96.0,121.0,0
724,2015-02-03,1610612757,1610612762,2014,1610612757,103.0,102.0,1
725,2015-02-03,1610612752,1610612738,2014,1610612752,97.0,108.0,0
726,2015-02-03,1610612765,1610612748,2014,1610612765,108.0,91.0,1
727,2015-02-03,1610612755,1610612743,2014,1610612755,105.0,98.0,1
728,2015-02-04,1610612744,1610612742,2014,1610612744,128.0,114.0,1
729,2015-02-04,1610612762,1610612763,2014,1610612762,90.0,100.0,0
730,2015-02-04,1610612759,1610612753,2014,1610612759,110.0,103.0,1
731,2015-02-04,1610612740,1610612760,2014,1610612740,91.0,102.0,0
732,2015-02-04,1610612750,1610612748,2014,1610612750,102.0,101.0,1
733,2015-02-04,1610612749,1610612747,2014,1610612749,113.0,105.0,1
734,2015-02-04,1610612745,1610612741,2014,1610612745,101.0,90.0,1
735,2015-02-04,1610612761,1610612751,2014,1610612761,93.0,109.0,0
736,2015-02-04,1610612738,1610612743,2014,1610612738,104.0,100.0,1
737,2015-02-04,1610612737,1610612764,2014,1610612737,105.0,96.0,1
738,2015-02-04,1610612754,1610612765,2014,1610612754,114.0,109.0,1
739,2015-02-05,1610612757,1610612756,2014,1610612757,108.0,87.0,1
740,2015-02-05,1610612758,1610612742,2014,1610612758,78.0,101.0,0
741,2015-02-05,1610612739,1610612746,2014,1610612739,105.0,94.0,1
742,2015-02-05,1610612766,1610612764,2014,1610612766,94.0,87.0,1
743,2015-02-06,1610612759,1610612748,2014,1610612759,98.0,85.0,1
744,2015-02-06,1610612756,1610612762,2014,1610612756,100.0,93.0,1
745,2015-02-06,1610612760,1610612740,2014,1610612760,113.0,116.0,0
746,2015-02-06,1610612750,1610612763,2014,1610612750,90.0,89.0,1
747,2015-02-06,1610612745,1610612749,2014,1610612745,117.0,111.0,1
748,2015-02-06,1610612765,1610612743,2014,1610612765,98.0,88.0,1
749,2015-02-06,1610612738,1610612755,2014,1610612738,107.0,96.0,1
750,2015-02-06,1610612737,1610612744,2014,1610612737,124.0,116.0,1
751,2015-02-06,1610612761,1610612746,2014,1610612761,123.0,107.0,1
752,2015-02-06,1610612753,1610612747,2014,1610612753,103.0,97.0,1
753,2015-02-06,1610612754,1610612739,2014,1610612754,103.0,99.0,1
754,2015-02-06,1610612751,1610612752,2014,1610612751,92.0,88.0,1
755,2015-02-07,1610612762,1610612758,2014,1610612762,102.0,90.0,1
756,2015-02-07,1610612749,1610612738,2014,1610612749,96.0,93.0,1
757,2015-02-07,1610612742,1610612757,2014,1610612742,111.0,101.0,1
758,2015-02-07,1610612755,1610612766,2014,1610612755,89.0,81.0,1
759,2015-02-07,1610612752,1610612744,2014,1610612752,92.0,106.0,0
760,2015-02-07,1610612764,1610612751,2014,1610612764,114.0,77.0,1
761,2015-02-07,1610612740,1610612741,2014,1610612740,72.0,107.0,0
762,2015-02-08,1610612758,1610612756,2014,1610612758,85.0,83.0,1
763,2015-02-08,1610612761,1610612759,2014,1610612761,87.0,82.0,1
764,2015-02-08,1610612745,1610612757,2014,1610612745,98.0,109.0,0
765,2015-02-08,1610612753,1610612741,2014,1610612753,97.0,98.0,0
766,2015-02-08,1610612765,1610612750,2014,1610612765,101.0,112.0,0
767,2015-02-08,1610612766,1610612754,2014,1610612766,102.0,103.0,0
768,2015-02-08,1610612763,1610612737,2014,1610612763,94.0,88.0,1
769,2015-02-08,1610612739,1610612747,2014,1610612739,120.0,105.0,1
770,2015-02-08,1610612760,1610612746,2014,1610612760,131.0,108.0,1
771,2015-02-09,1610612743,1610612760,2014,1610612743,114.0,124.0,0
772,2015-02-09,1610612742,1610612746,2014,1610612742,98.0,115.0,0
773,2015-02-09,1610612740,1610612762,2014,1610612740,96.0,100.0,0
774,2015-02-09,1610612750,1610612737,2014,1610612750,105.0,117.0,0
775,2015-02-09,1610612749,1610612751,2014,1610612749,103.0,97.0,1
776,2015-02-09,1610612748,1610612752,2014,1610612748,109.0,95.0,1
777,2015-02-09,1610612764,1610612753,2014,1610612764,96.0,80.0,1
778,2015-02-09,1610612755,1610612744,2014,1610612755,84.0,89.0,0
779,2015-02-09,1610612754,1610612759,2014,1610612754,93.0,95.0,0
780,2015-02-10,1610612747,1610612743,2014,1610612747,96.0,106.0,0
781,2015-02-10,1610612763,1610612751,2014,1610612763,95.0,86.0,1
782,2015-02-10,1610612741,1610612758,2014,1610612741,104.0,86.0,1
783,2015-02-10,1610612756,1610612745,2014,1610612756,118.0,127.0,0
784,2015-02-10,1610612766,1610612765,2014,1610612766,78.0,106.0,0
785,2015-02-11,1610612746,1610612745,2014,1610612746,110.0,95.0,1
786,2015-02-11,1610612757,1610612747,2014,1610612757,102.0,86.0,1
787,2015-02-11,1610612742,1610612762,2014,1610612742,87.0,82.0,1
788,2015-02-11,1610612739,1610612748,2014,1610612739,113.0,93.0,1
789,2015-02-11,1610612760,1610612763,2014,1610612760,105.0,89.0,1
790,2015-02-11,1610612740,1610612754,2014,1610612740,93.0,106.0,0
791,2015-02-11,1610612750,1610612744,2014,1610612750,91.0,94.0,0
792,2015-02-11,1610612749,1610612758,2014,1610612749,111.0,103.0,1
793,2015-02-11,1610612761,1610612764,2014,1610612761,95.0,93.0,1
794,2015-02-11,1610612765,1610612759,2014,1610612765,87.0,104.0,0
795,2015-02-11,1610612738,1610612737,2014,1610612738,89.0,88.0,1
796,2015-02-11,1610612753,1610612752,2014,1610612753,89.0,83.0,1
797,2015-02-12,1610612741,1610612739,2014,1610612741,113.0,98.0,1
798,2015-02-19,1610612746,1610612759,2014,1610612746,119.0,115.0,1
799,2015-02-19,1610612760,1610612742,2014,1610612760,104.0,89.0,1
800,2015-02-20,1610612747,1610612751,2014,1610612747,105.0,114.0,0
801,2015-02-20,1610612744,1610612759,2014,1610612744,110.0,99.0,1
802,2015-02-20,1610612758,1610612738,2014,1610612758,109.0,101.0,1
803,2015-02-20,1610612762,1610612757,2014,1610612762,92.0,76.0,1
804,2015-02-20,1610612749,1610612743,2014,1610612749,89.0,81.0,1
805,2015-02-20,1610612742,1610612745,2014,1610612742,111.0,100.0,1
806,2015-02-20,1610612764,1610612739,2014,1610612764,89.0,127.0,0
807,2015-02-20,1610612750,1610612756,2014,1610612750,111.0,109.0,1
808,2015-02-20,1610612752,1610612748,2014,1610612752,87.0,111.0,0
809,2015-02-20,1610612765,1610612741,2014,1610612765,100.0,91.0,1
810,2015-02-20,1610612737,1610612761,2014,1610612737,80.0,105.0,0
811,2015-02-20,1610612755,1610612754,2014,1610612755,95.0,106.0,0
812,2015-02-20,1610612753,1610612740,2014,1610612753,95.0,84.0,1
813,2015-02-21,1610612746,1610612758,2014,1610612746,126.0,99.0,1
814,2015-02-21,1610612745,1610612761,2014,1610612745,98.0,76.0,1
815,2015-02-21,1610612741,1610612756,2014,1610612741,112.0,107.0,1
816,2015-02-21,1610612748,1610612740,2014,1610612748,91.0,105.0,0
817,2015-02-21,1610612766,1610612760,2014,1610612766,103.0,110.0,0
818,2015-02-22,1610612747,1610612738,2014,1610612747,118.0,111.0,1
819,2015-02-22,1610612757,1610612763,2014,1610612757,92.0,98.0,0
820,2015-02-22,1610612742,1610612766,2014,1610612742,92.0,81.0,1
821,2015-02-22,1610612760,1610612743,2014,1610612760,119.0,94.0,1
822,2015-02-22,1610612753,1610612755,2014,1610612753,103.0,98.0,1
823,2015-02-22,1610612754,1610612744,2014,1610612754,104.0,98.0,1
824,2015-02-22,1610612765,1610612764,2014,1610612765,106.0,89.0,1
825,2015-02-22,1610612749,1610612737,2014,1610612749,86.0,97.0,0
826,2015-02-22,1610612752,1610612739,2014,1610612752,83.0,101.0,0
827,2015-02-23,1610612746,1610612763,2014,1610612746,87.0,90.0,0
828,2015-02-23,1610612762,1610612759,2014,1610612762,90.0,81.0,1
829,2015-02-23,1610612756,1610612738,2014,1610612756,110.0,115.0,0
830,2015-02-23,1610612743,1610612751,2014,1610612743,82.0,110.0,0
831,2015-02-23,1610612740,1610612761,2014,1610612740,100.0,97.0,1
832,2015-02-23,1610612745,1610612750,2014,1610612745,113.0,102.0,1
833,2015-02-23,1610612741,1610612749,2014,1610612741,87.0,71.0,1
834,2015-02-23,1610612748,1610612755,2014,1610612748,119.0,108.0,1
835,2015-02-24,1610612742,1610612761,2014,1610612742,99.0,92.0,1
836,2015-02-24,1610612760,1610612754,2014,1610612760,105.0,92.0,1
837,2015-02-24,1610612765,1610612739,2014,1610612765,93.0,102.0,0
838,2015-02-24,1610612764,1610612744,2014,1610612764,107.0,114.0,0
839,2015-02-25,1610612757,1610612759,2014,1610612757,111.0,95.0,1
840,2015-02-25,1610612758,1610612763,2014,1610612758,102.0,90.0,1
841,2015-02-25,1610612762,1610612747,2014,1610612762,97.0,100.0,0
842,2015-02-25,1610612743,1610612756,2014,1610612743,96.0,110.0,0
843,2015-02-25,1610612740,1610612751,2014,1610612740,102.0,96.0,1
844,2015-02-25,1610612750,1610612764,2014,1610612750,97.0,77.0,1
845,2015-02-25,1610612749,1610612755,2014,1610612749,104.0,88.0,1
846,2015-02-25,1610612745,1610612746,2014,1610612745,110.0,105.0,1
847,2015-02-25,1610612741,1610612766,2014,1610612741,86.0,98.0,0
848,2015-02-25,1610612738,1610612752,2014,1610612738,115.0,94.0,1
849,2015-02-25,1610612737,1610612742,2014,1610612737,104.0,87.0,1
850,2015-02-25,1610612753,1610612748,2014,1610612753,90.0,93.0,0
851,2015-02-26,1610612756,1610612760,2014,1610612756,117.0,113.0,1
852,2015-02-26,1610612739,1610612744,2014,1610612739,110.0,99.0,1
853,2015-02-27,1610612757,1610612760,2014,1610612757,115.0,112.0,1
854,2015-02-27,1610612747,1610612749,2014,1610612747,101.0,93.0,1
855,2015-02-27,1610612758,1610612759,2014,1610612758,96.0,107.0,0
856,2015-02-27,1610612743,1610612762,2014,1610612743,82.0,104.0,0
857,2015-02-27,1610612740,1610612748,2014,1610612740,104.0,102.0,1
858,2015-02-27,1610612763,1610612746,2014,1610612763,79.0,97.0,0
859,2015-02-27,1610612745,1610612751,2014,1610612745,102.0,98.0,1
860,2015-02-27,1610612741,1610612750,2014,1610612741,96.0,89.0,1
861,2015-02-27,1610612761,1610612744,2014,1610612761,89.0,113.0,0
862,2015-02-27,1610612765,1610612752,2014,1610612765,115.0,121.0,0
863,2015-02-27,1610612738,1610612766,2014,1610612738,106.0,98.0,1
864,2015-02-27,1610612737,1610612753,2014,1610612737,95.0,88.0,1
865,2015-02-27,1610612755,1610612764,2014,1610612755,89.0,81.0,1
866,2015-02-27,1610612754,1610612739,2014,1610612754,93.0,86.0,1
867,2015-02-28,1610612762,1610612749,2014,1610612762,82.0,75.0,1
868,2015-02-28,1610612756,1610612759,2014,1610612756,74.0,101.0,0
869,2015-02-28,1610612742,1610612751,2014,1610612742,94.0,104.0,0
870,2015-02-28,1610612750,1610612763,2014,1610612750,97.0,101.0,0
871,2015-02-28,1610612752,1610612761,2014,1610612752,103.0,98.0,1
872,2015-02-28,1610612748,1610612737,2014,1610612748,91.0,93.0,0
873,2015-02-28,1610612764,1610612765,2014,1610612764,99.0,95.0,1
874,2015-03-01,1610612743,1610612740,2014,1610612743,92.0,99.0,0
875,2015-03-01,1610612747,1610612760,2014,1610612747,101.0,108.0,0
876,2015-03-01,1610612753,1610612766,2014,1610612753,83.0,98.0,0
877,2015-03-01,1610612754,1610612755,2014,1610612754,94.0,74.0,1
878,2015-03-01,1610612738,1610612744,2014,1610612738,101.0,106.0,0
879,2015-03-01,1610612758,1610612757,2014,1610612758,99.0,110.0,0
880,2015-03-01,1610612745,1610612739,2014,1610612745,105.0,103.0,1
881,2015-03-01,1610612741,1610612746,2014,1610612741,86.0,96.0,0
882,2015-03-02,1610612742,1610612740,2014,1610612742,102.0,93.0,1
883,2015-03-02,1610612750,1610612746,2014,1610612750,105.0,110.0,0
884,2015-03-02,1610612748,1610612756,2014,1610612748,115.0,98.0,1
885,2015-03-02,1610612751,1610612744,2014,1610612751,110.0,108.0,1
886,2015-03-02,1610612755,1610612761,2014,1610612755,103.0,114.0,0
887,2015-03-03,1610612743,1610612749,2014,1610612743,106.0,95.0,1
888,2015-03-03,1610612763,1610612762,2014,1610612763,82.0,93.0,0
889,2015-03-03,1610612741,1610612764,2014,1610612741,97.0,92.0,1
890,2015-03-03,1610612737,1610612745,2014,1610612737,104.0,96.0,1
891,2015-03-03,1610612739,1610612738,2014,1610612739,110.0,79.0,1
892,2015-03-03,1610612766,1610612747,2014,1610612766,104.0,103.0,1
893,2015-03-03,1610612752,1610612758,2014,1610612752,86.0,124.0,0
894,2015-03-04,1610612746,1610612757,2014,1610612746,93.0,98.0,0
895,2015-03-04,1610612744,1610612749,2014,1610612744,102.0,93.0,1
896,2015-03-04,1610612759,1610612758,2014,1610612759,112.0,85.0,1
897,2015-03-04,1610612748,1610612747,2014,1610612748,100.0,94.0,1
898,2015-03-04,1610612760,1610612755,2014,1610612760,123.0,118.0,1
899,2015-03-04,1610612740,1610612765,2014,1610612740,88.0,85.0,1
900,2015-03-04,1610612750,1610612743,2014,1610612750,85.0,100.0,0
901,2015-03-04,1610612745,1610612763,2014,1610612745,100.0,102.0,0
902,2015-03-04,1610612761,1610612739,2014,1610612761,112.0,120.0,0
903,2015-03-04,1610612751,1610612766,2014,1610612751,91.0,115.0,0
904,2015-03-04,1610612738,1610612762,2014,1610612738,85.0,84.0,1
905,2015-03-04,1610612753,1610612756,2014,1610612753,100.0,105.0,0
906,2015-03-04,1610612754,1610612752,2014,1610612754,105.0,82.0,1
907,2015-03-05,1610612757,1610612742,2014,1610612757,94.0,75.0,1
908,2015-03-05,1610612741,1610612760,2014,1610612741,108.0,105.0,1
909,2015-03-06,1610612744,1610612742,2014,1610612744,104.0,89.0,1
910,2015-03-06,1610612759,1610612743,2014,1610612759,120.0,111.0,1
911,2015-03-06,1610612740,1610612738,2014,1610612740,98.0,104.0,0
912,2015-03-06,1610612763,1610612747,2014,1610612763,97.0,90.0,1
913,2015-03-06,1610612745,1610612765,2014,1610612745,103.0,93.0,1
914,2015-03-06,1610612751,1610612756,2014,1610612751,100.0,108.0,0
915,2015-03-06,1610612737,1610612739,2014,1610612737,106.0,97.0,1
916,2015-03-06,1610612764,1610612748,2014,1610612764,99.0,97.0,1
917,2015-03-06,1610612755,1610612762,2014,1610612755,83.0,89.0,0
918,2015-03-06,1610612753,1610612758,2014,1610612753,119.0,114.0,1
919,2015-03-06,1610612754,1610612741,2014,1610612754,98.0,84.0,1
920,2015-03-06,1610612766,1610612761,2014,1610612766,103.0,94.0,1
921,2015-03-07,1610612743,1610612745,2014,1610612743,100.0,114.0,0
922,2015-03-07,1610612749,1610612764,2014,1610612749,91.0,85.0,1
923,2015-03-07,1610612750,1610612757,2014,1610612750,121.0,113.0,1
924,2015-03-07,1610612755,1610612737,2014,1610612755,92.0,84.0,1
925,2015-03-07,1610612752,1610612754,2014,1610612752,86.0,92.0,0
926,2015-03-07,1610612748,1610612758,2014,1610612748,114.0,109.0,1
927,2015-03-07,1610612739,1610612756,2014,1610612739,89.0,79.0,1
928,2015-03-07,1610612740,1610612763,2014,1610612740,95.0,89.0,1
929,2015-03-08,1610612747,1610612742,2014,1610612747,93.0,100.0,0
930,2015-03-08,1610612760,1610612761,2014,1610612760,108.0,104.0,1
931,2015-03-08,1610612753,1610612738,2014,1610612753,103.0,98.0,1
932,2015-03-08,1610612765,1610612766,2014,1610612765,101.0,108.0,0
933,2015-03-08,1610612751,1610612762,2014,1610612751,88.0,95.0,0
934,2015-03-08,1610612744,1610612746,2014,1610612744,106.0,98.0,1
935,2015-03-08,1610612759,1610612741,2014,1610612759,116.0,105.0,1
936,2015-03-09,1610612746,1610612750,2014,1610612746,89.0,76.0,1
937,2015-03-09,1610612756,1610612744,2014,1610612756,80.0,98.0,0
938,2015-03-09,1610612743,1610612752,2014,1610612743,106.0,78.0,1
939,2015-03-09,1610612749,1610612740,2014,1610612749,103.0,114.0,0
940,2015-03-09,1610612741,1610612763,2014,1610612741,91.0,101.0,0
941,2015-03-09,1610612748,1610612738,2014,1610612748,90.0,100.0,0
942,2015-03-09,1610612737,1610612758,2014,1610612737,130.0,105.0,1
943,2015-03-09,1610612766,1610612764,2014,1610612766,69.0,95.0,0
944,2015-03-10,1610612747,1610612765,2014,1610612747,93.0,85.0,1
945,2015-03-10,1610612762,1610612752,2014,1610612762,87.0,82.0,1
946,2015-03-10,1610612759,1610612761,2014,1610612759,117.0,107.0,1
947,2015-03-10,1610612742,1610612739,2014,1610612742,94.0,127.0,0
948,2015-03-10,1610612751,1610612740,2014,1610612751,91.0,111.0,0
949,2015-03-10,1610612754,1610612753,2014,1610612754,118.0,86.0,1
950,2015-03-11,1610612757,1610612745,2014,1610612757,105.0,100.0,1
951,2015-03-11,1610612744,1610612765,2014,1610612744,105.0,98.0,1
952,2015-03-11,1610612756,1610612750,2014,1610612756,106.0,97.0,1
953,2015-03-11,1610612743,1610612737,2014,1610612743,115.0,102.0,1
954,2015-03-11,1610612760,1610612746,2014,1610612760,108.0,120.0,0
955,2015-03-11,1610612749,1610612753,2014,1610612749,97.0,91.0,1
956,2015-03-11,1610612748,1610612751,2014,1610612748,104.0,98.0,1
957,2015-03-11,1610612738,1610612763,2014,1610612738,95.0,92.0,1
958,2015-03-11,1610612755,1610612741,2014,1610612755,95.0,104.0,0
959,2015-03-11,1610612766,1610612758,2014,1610612766,106.0,113.0,0
960,2015-03-12,1610612747,1610612752,2014,1610612747,94.0,101.0,0
961,2015-03-12,1610612759,1610612739,2014,1610612759,125.0,128.0,0
962,2015-03-12,1610612762,1610612745,2014,1610612762,109.0,91.0,1
963,2015-03-12,1610612764,1610612763,2014,1610612764,107.0,87.0,1
964,2015-03-12,1610612754,1610612749,2014,1610612754,109.0,103.0,1
965,2015-03-13,1610612757,1610612765,2014,1610612757,118.0,99.0,1
966,2015-03-13,1610612756,1610612737,2014,1610612756,87.0,96.0,0
967,2015-03-13,1610612743,1610612744,2014,1610612743,114.0,103.0,1
968,2015-03-13,1610612742,1610612746,2014,1610612742,129.0,99.0,1
969,2015-03-13,1610612760,1610612750,2014,1610612760,113.0,99.0,1
970,2015-03-13,1610612761,1610612748,2014,1610612761,102.0,92.0,1
971,2015-03-13,1610612738,1610612753,2014,1610612738,95.0,88.0,1
972,2015-03-13,1610612755,1610612758,2014,1610612755,114.0,107.0,1
973,2015-03-13,1610612766,1610612741,2014,1610612766,101.0,91.0,1
974,2015-03-14,1610612744,1610612752,2014,1610612744,125.0,94.0,1
975,2015-03-14,1610612762,1610612765,2014,1610612762,88.0,85.0,1
976,2015-03-14,1610612763,1610612749,2014,1610612763,96.0,83.0,1
977,2015-03-14,1610612755,1610612751,2014,1610612755,87.0,94.0,0
978,2015-03-14,1610612764,1610612758,2014,1610612764,113.0,97.0,1
979,2015-03-14,1610612754,1610612738,2014,1610612754,89.0,93.0,0
980,2015-03-15,1610612747,1610612737,2014,1610612747,86.0,91.0,0
981,2015-03-15,1610612756,1610612752,2014,1610612756,102.0,89.0,1
982,2015-03-15,1610612761,1610612757,2014,1610612761,97.0,113.0,0
983,2015-03-15,1610612759,1610612750,2014,1610612759,123.0,97.0,1
984,2015-03-15,1610612753,1610612739,2014,1610612753,108.0,123.0,0
985,2015-03-15,1610612740,1610612743,2014,1610612740,111.0,118.0,0
986,2015-03-15,1610612746,1610612745,2014,1610612746,98.0,100.0,0
987,2015-03-15,1610612760,1610612741,2014,1610612760,109.0,100.0,1
988,2015-03-16,1610612744,1610612747,2014,1610612744,108.0,105.0,1
989,2015-03-16,1610612758,1610612737,2014,1610612758,103.0,110.0,0
990,2015-03-16,1610612762,1610612766,2014,1610612762,94.0,66.0,1
991,2015-03-16,1610612742,1610612760,2014,1610612742,119.0,115.0,1
992,2015-03-16,1610612748,1610612739,2014,1610612748,106.0,92.0,1
993,2015-03-16,1610612750,1610612751,2014,1610612750,106.0,122.0,0
994,2015-03-16,1610612763,1610612743,2014,1610612763,92.0,81.0,1
995,2015-03-16,1610612738,1610612755,2014,1610612738,108.0,89.0,1
996,2015-03-16,1610612764,1610612757,2014,1610612764,105.0,97.0,1
997,2015-03-16,1610612754,1610612761,2014,1610612754,98.0,117.0,0
998,2015-03-17,1610612746,1610612766,2014,1610612746,99.0,92.0,1
999,2015-03-17,1610612740,1610612749,2014,1610612740,85.0,84.0,1
1000,2015-03-17,1610612745,1610612753,2014,1610612745,107.0,94.0,1
1001,2015-03-17,1610612752,1610612759,2014,1610612752,104.0,100.0,1
1002,2015-03-17,1610612765,1610612763,2014,1610612765,105.0,95.0,1
1003,2015-03-18,1610612762,1610612764,2014,1610612762,84.0,88.0,0
1004,2015-03-18,1610612744,1610612737,2014,1610612744,114.0,95.0,1
1005,2015-03-18,1610612758,1610612746,2014,1610612758,105.0,116.0,0
1006,2015-03-18,1610612742,1610612753,2014,1610612742,107.0,102.0,1
1007,2015-03-18,1610612760,1610612738,2014,1610612760,122.0,118.0,1
1008,2015-03-18,1610612749,1610612759,2014,1610612749,103.0,114.0,0
1009,2015-03-18,1610612741,1610612754,2014,1610612741,103.0,86.0,1
1010,2015-03-18,1610612761,1610612750,2014,1610612761,105.0,100.0,1
1011,2015-03-18,1610612748,1610612757,2014,1610612748,108.0,104.0,1
1012,2015-03-18,1610612755,1610612765,2014,1610612755,94.0,83.0,1
1013,2015-03-18,1610612739,1610612751,2014,1610612739,117.0,92.0,1
1014,2015-03-19,1610612747,1610612762,2014,1610612747,73.0,80.0,0
1015,2015-03-19,1610612756,1610612740,2014,1610612756,74.0,72.0,1
1016,2015-03-19,1610612745,1610612743,2014,1610612745,118.0,108.0,1
1017,2015-03-19,1610612752,1610612750,2014,1610612752,92.0,95.0,0
1018,2015-03-20,1610612746,1610612764,2014,1610612746,113.0,99.0,1
1019,2015-03-20,1610612744,1610612740,2014,1610612744,112.0,96.0,1
1020,2015-03-20,1610612758,1610612766,2014,1610612758,101.0,91.0,1
1021,2015-03-20,1610612759,1610612738,2014,1610612759,101.0,89.0,1
1022,2015-03-20,1610612742,1610612763,2014,1610612742,101.0,112.0,0
1023,2015-03-20,1610612760,1610612737,2014,1610612760,123.0,115.0,1
1024,2015-03-20,1610612741,1610612761,2014,1610612741,108.0,92.0,1
1025,2015-03-20,1610612748,1610612743,2014,1610612748,108.0,91.0,1
1026,2015-03-20,1610612739,1610612754,2014,1610612739,95.0,92.0,1
1027,2015-03-20,1610612751,1610612749,2014,1610612751,129.0,127.0,1
1028,2015-03-20,1610612755,1610612752,2014,1610612755,97.0,81.0,1
1029,2015-03-20,1610612753,1610612757,2014,1610612753,111.0,104.0,1
1030,2015-03-21,1610612744,1610612762,2014,1610612744,106.0,91.0,1
1031,2015-03-21,1610612763,1610612757,2014,1610612763,97.0,86.0,1
1032,2015-03-21,1610612745,1610612756,2014,1610612745,102.0,117.0,0
1033,2015-03-21,1610612765,1610612741,2014,1610612765,107.0,91.0,1
1034,2015-03-21,1610612754,1610612751,2014,1610612754,111.0,123.0,0
1035,2015-03-22,1610612747,1610612755,2014,1610612747,101.0,87.0,1
1036,2015-03-22,1610612756,1610612742,2014,1610612756,98.0,92.0,1
1037,2015-03-22,1610612750,1610612766,2014,1610612750,98.0,109.0,0
1038,2015-03-22,1610612753,1610612743,2014,1610612753,100.0,119.0,0
1039,2015-03-22,1610612738,1610612765,2014,1610612738,97.0,105.0,0
1040,2015-03-22,1610612758,1610612764,2014,1610612758,109.0,86.0,1
1041,2015-03-22,1610612761,1610612752,2014,1610612761,106.0,89.0,1
1042,2015-03-22,1610612746,1610612740,2014,1610612746,107.0,100.0,1
1043,2015-03-22,1610612737,1610612759,2014,1610612737,95.0,114.0,0
1044,2015-03-22,1610612760,1610612748,2014,1610612760,93.0,75.0,1
1045,2015-03-22,1610612749,1610612739,2014,1610612749,90.0,108.0,0
1046,2015-03-23,1610612744,1610612764,2014,1610612744,107.0,76.0,1
1047,2015-03-23,1610612762,1610612750,2014,1610612762,104.0,106.0,0
1048,2015-03-23,1610612741,1610612766,2014,1610612741,98.0,86.0,1
1049,2015-03-23,1610612752,1610612763,2014,1610612752,82.0,103.0,0
1050,2015-03-23,1610612751,1610612738,2014,1610612751,91.0,110.0,0
1051,2015-03-23,1610612754,1610612745,2014,1610612754,100.0,110.0,0
1052,2015-03-24,1610612757,1610612744,2014,1610612757,108.0,122.0,0
1053,2015-03-24,1610612758,1610612755,2014,1610612758,107.0,106.0,1
1054,2015-03-24,1610612742,1610612759,2014,1610612742,101.0,94.0,1
1055,2015-03-24,1610612760,1610612747,2014,1610612760,127.0,117.0,1
1056,2015-03-24,1610612749,1610612748,2014,1610612749,89.0,88.0,1
1057,2015-03-24,1610612765,1610612761,2014,1610612765,108.0,104.0,1
1058,2015-03-25,1610612756,1610612758,2014,1610612756,99.0,108.0,0
1059,2015-03-25,1610612759,1610612760,2014,1610612759,130.0,91.0,1
1060,2015-03-25,1610612762,1610612757,2014,1610612762,89.0,92.0,0
1061,2015-03-25,1610612743,1610612755,2014,1610612743,85.0,99.0,0
1062,2015-03-25,1610612740,1610612745,2014,1610612740,93.0,95.0,0
1063,2015-03-25,1610612750,1610612747,2014,1610612750,99.0,101.0,0
1064,2015-03-25,1610612763,1610612739,2014,1610612763,89.0,111.0,0
1065,2015-03-25,1610612738,1610612748,2014,1610612738,86.0,93.0,0
1066,2015-03-25,1610612761,1610612741,2014,1610612761,103.0,116.0,0
1067,2015-03-25,1610612764,1610612754,2014,1610612764,101.0,103.0,0
1068,2015-03-25,1610612753,1610612737,2014,1610612753,83.0,95.0,0
1069,2015-03-25,1610612752,1610612746,2014,1610612752,80.0,111.0,0
1070,2015-03-25,1610612766,1610612751,2014,1610612766,88.0,91.0,0
1071,2015-03-26,1610612749,1610612754,2014,1610612749,111.0,107.0,1
1072,2015-03-27,1610612756,1610612757,2014,1610612756,81.0,87.0,0
1073,2015-03-27,1610612743,1610612762,2014,1610612743,107.0,91.0,1
1074,2015-03-27,1610612759,1610612742,2014,1610612759,94.0,76.0,1
1075,2015-03-27,1610612740,1610612758,2014,1610612740,102.0,88.0,1
1076,2015-03-27,1610612763,1610612744,2014,1610612763,84.0,107.0,0
1077,2015-03-27,1610612745,1610612750,2014,1610612745,120.0,110.0,1
1078,2015-03-27,1610612761,1610612747,2014,1610612761,94.0,83.0,1
1079,2015-03-27,1610612752,1610612738,2014,1610612752,92.0,96.0,0
1080,2015-03-27,1610612751,1610612739,2014,1610612751,106.0,98.0,1
1081,2015-03-27,1610612737,1610612748,2014,1610612737,99.0,86.0,1
1082,2015-03-27,1610612764,1610612766,2014,1610612764,110.0,107.0,1
1083,2015-03-27,1610612755,1610612746,2014,1610612755,98.0,119.0,0
1084,2015-03-27,1610612753,1610612765,2014,1610612753,97.0,111.0,0
1085,2015-03-28,1610612757,1610612743,2014,1610612757,120.0,114.0,1
1086,2015-03-28,1610612762,1610612760,2014,1610612762,94.0,89.0,1
1087,2015-03-28,1610612749,1610612744,2014,1610612749,95.0,108.0,0
1088,2015-03-28,1610612741,1610612752,2014,1610612741,111.0,80.0,1
1089,2015-03-28,1610612766,1610612737,2014,1610612766,115.0,100.0,1
1090,2015-03-29,1610612756,1610612760,2014,1610612756,97.0,109.0,0
1091,2015-03-29,1610612754,1610612742,2014,1610612754,104.0,99.0,1
1092,2015-03-29,1610612759,1610612763,2014,1610612759,103.0,89.0,1
1093,2015-03-29,1610612748,1610612765,2014,1610612748,109.0,102.0,1
1094,2015-03-29,1610612738,1610612746,2014,1610612738,106.0,119.0,0
1095,2015-03-29,1610612739,1610612755,2014,1610612739,87.0,86.0,1
1096,2015-03-29,1610612740,1610612750,2014,1610612740,110.0,88.0,1
1097,2015-03-29,1610612751,1610612747,2014,1610612751,107.0,99.0,1
1098,2015-03-29,1610612764,1610612745,2014,1610612764,91.0,99.0,0
1099,2015-03-30,1610612757,1610612756,2014,1610612757,109.0,86.0,1
1100,2015-03-30,1610612750,1610612762,2014,1610612750,84.0,104.0,0
1101,2015-03-30,1610612763,1610612758,2014,1610612763,97.0,83.0,1
1102,2015-03-30,1610612761,1610612745,2014,1610612761,99.0,96.0,1
1103,2015-03-30,1610612737,1610612749,2014,1610612737,101.0,88.0,1
1104,2015-03-30,1610612755,1610612747,2014,1610612755,111.0,113.0,0
1105,2015-03-30,1610612766,1610612738,2014,1610612766,104.0,116.0,0
1106,2015-03-31,1610612746,1610612744,2014,1610612746,106.0,110.0,0
1107,2015-03-31,1610612748,1610612759,2014,1610612748,81.0,95.0,0
1108,2015-03-31,1610612765,1610612737,2014,1610612765,105.0,95.0,1
1109,2015-03-31,1610612751,1610612754,2014,1610612751,111.0,106.0,1
1110,2015-04-01,1610612747,1610612740,2014,1610612747,92.0,113.0,0
1111,2015-04-01,1610612757,1610612746,2014,1610612757,122.0,126.0,0
1112,2015-04-01,1610612762,1610612743,2014,1610612762,98.0,84.0,1
1113,2015-04-01,1610612760,1610612742,2014,1610612760,131.0,135.0,0
1114,2015-04-01,1610612750,1610612761,2014,1610612750,99.0,113.0,0
1115,2015-04-01,1610612749,1610612741,2014,1610612749,95.0,91.0,1
1116,2015-04-01,1610612745,1610612758,2014,1610612745,115.0,111.0,1
1117,2015-04-01,1610612752,1610612751,2014,1610612752,98.0,100.0,0
1118,2015-04-01,1610612738,1610612754,2014,1610612738,100.0,87.0,1
1119,2015-04-01,1610612764,1610612755,2014,1610612764,106.0,93.0,1
1120,2015-04-01,1610612753,1610612759,2014,1610612753,91.0,103.0,0
1121,2015-04-01,1610612766,1610612765,2014,1610612766,102.0,78.0,1
1122,2015-04-02,1610612744,1610612756,2014,1610612744,107.0,106.0,1
1123,2015-04-02,1610612742,1610612745,2014,1610612742,101.0,108.0,0
1124,2015-04-02,1610612739,1610612748,2014,1610612739,114.0,88.0,1
1125,2015-04-03,1610612747,1610612757,2014,1610612747,77.0,107.0,0
1126,2015-04-03,1610612758,1610612740,2014,1610612758,95.0,101.0,0
1127,2015-04-03,1610612759,1610612743,2014,1610612759,123.0,93.0,1
1128,2015-04-03,1610612750,1610612753,2014,1610612750,84.0,97.0,0
1129,2015-04-03,1610612763,1610612760,2014,1610612763,100.0,92.0,1
1130,2015-04-03,1610612741,1610612765,2014,1610612741,88.0,82.0,1
1131,2015-04-03,1610612751,1610612761,2014,1610612751,114.0,109.0,1
1132,2015-04-03,1610612738,1610612749,2014,1610612738,101.0,110.0,0
1133,2015-04-03,1610612764,1610612752,2014,1610612764,101.0,87.0,1
1134,2015-04-03,1610612754,1610612766,2014,1610612754,93.0,74.0,1
1135,2015-04-04,1610612757,1610612740,2014,1610612757,99.0,90.0,1
1136,2015-04-04,1610612756,1610612762,2014,1610612756,87.0,85.0,1
1137,2015-04-04,1610612743,1610612746,2014,1610612743,92.0,107.0,0
1138,2015-04-04,1610612749,1610612753,2014,1610612749,90.0,97.0,0
1139,2015-04-04,1610612742,1610612744,2014,1610612742,110.0,123.0,0
1140,2015-04-04,1610612763,1610612764,2014,1610612763,83.0,92.0,0
1141,2015-04-04,1610612761,1610612738,2014,1610612761,116.0,117.0,0
1142,2015-04-04,1610612765,1610612748,2014,1610612765,99.0,98.0,1
1143,2015-04-04,1610612737,1610612751,2014,1610612737,131.0,99.0,1
1144,2015-04-04,1610612766,1610612755,2014,1610612766,92.0,91.0,1
1145,2015-04-05,1610612747,1610612746,2014,1610612747,78.0,106.0,0
1146,2015-04-05,1610612758,1610612762,2014,1610612758,95.0,101.0,0
1147,2015-04-05,1610612752,1610612755,2014,1610612752,101.0,91.0,1
1148,2015-04-05,1610612759,1610612744,2014,1610612759,107.0,92.0,1
1149,2015-04-05,1610612754,1610612748,2014,1610612754,112.0,89.0,1
1150,2015-04-05,1610612739,1610612741,2014,1610612739,99.0,94.0,1
1151,2015-04-05,1610612760,1610612745,2014,1610612760,112.0,115.0,0
1152,2015-04-06,1610612751,1610612757,2014,1610612751,106.0,96.0,1
1153,2015-04-07,1610612746,1610612747,2014,1610612746,105.0,100.0,1
1154,2015-04-07,1610612758,1610612750,2014,1610612758,116.0,111.0,1
1155,2015-04-07,1610612760,1610612759,2014,1610612760,88.0,113.0,0
1156,2015-04-07,1610612740,1610612744,2014,1610612740,103.0,100.0,1
1157,2015-04-07,1610612748,1610612766,2014,1610612748,105.0,100.0,1
1158,2015-04-07,1610612737,1610612756,2014,1610612737,96.0,69.0,1
1159,2015-04-08,1610612757,1610612750,2014,1610612757,116.0,91.0,1
1160,2015-04-08,1610612742,1610612756,2014,1610612742,107.0,104.0,1
1161,2015-04-08,1610612762,1610612758,2014,1610612762,103.0,91.0,1
1162,2015-04-08,1610612743,1610612747,2014,1610612743,119.0,101.0,1
1163,2015-04-08,1610612759,1610612745,2014,1610612759,110.0,98.0,1
1164,2015-04-08,1610612749,1610612739,2014,1610612749,99.0,104.0,0
1165,2015-04-08,1610612763,1610612740,2014,1610612763,110.0,74.0,1
1166,2015-04-08,1610612752,1610612754,2014,1610612752,86.0,102.0,0
1167,2015-04-08,1610612751,1610612737,2014,1610612751,111.0,114.0,0
1168,2015-04-08,1610612765,1610612738,2014,1610612765,103.0,113.0,0
1169,2015-04-08,1610612755,1610612764,2014,1610612755,90.0,119.0,0
1170,2015-04-08,1610612753,1610612741,2014,1610612753,105.0,103.0,1
1171,2015-04-08,1610612766,1610612761,2014,1610612766,74.0,92.0,0
1172,2015-04-09,1610612744,1610612757,2014,1610612744,116.0,105.0,1
1173,2015-04-09,1610612748,1610612741,2014,1610612748,78.0,89.0,0
1174,2015-04-10,1610612747,1610612750,2014,1610612747,106.0,98.0,1
1175,2015-04-10,1610612762,1610612763,2014,1610612762,88.0,89.0,0
1176,2015-04-10,1610612743,1610612742,2014,1610612743,143.0,144.0,0
1177,2015-04-10,1610612760,1610612758,2014,1610612760,116.0,103.0,1
1178,2015-04-10,1610612740,1610612756,2014,1610612740,90.0,75.0,1
1179,2015-04-10,1610612745,1610612759,2014,1610612745,103.0,104.0,0
1180,2015-04-10,1610612752,1610612749,2014,1610612752,91.0,99.0,0
1181,2015-04-10,1610612765,1610612754,2014,1610612765,103.0,107.0,0
1182,2015-04-10,1610612739,1610612738,2014,1610612739,90.0,99.0,0
1183,2015-04-10,1610612751,1610612764,2014,1610612751,117.0,80.0,1
1184,2015-04-10,1610612737,1610612766,2014,1610612737,104.0,80.0,1
1185,2015-04-10,1610612753,1610612761,2014,1610612753,99.0,101.0,0
1186,2015-04-11,1610612744,1610612750,2014,1610612744,110.0,101.0,1
1187,2015-04-11,1610612757,1610612762,2014,1610612757,105.0,111.0,0
1188,2015-04-11,1610612746,1610612763,2014,1610612746,94.0,86.0,1
1189,2015-04-11,1610612741,1610612755,2014,1610612741,114.0,107.0,1
1190,2015-04-11,1610612748,1610612761,2014,1610612748,104.0,107.0,0
1191,2015-04-11,1610612753,1610612752,2014,1610612753,79.0,80.0,0
1192,2015-04-12,1610612747,1610612742,2014,1610612747,106.0,120.0,0
1193,2015-04-12,1610612759,1610612756,2014,1610612759,107.0,91.0,1
1194,2015-04-12,1610612745,1610612740,2014,1610612745,121.0,114.0,1
1195,2015-04-12,1610612764,1610612737,2014,1610612764,108.0,99.0,1
1196,2015-04-12,1610612754,1610612760,2014,1610612754,116.0,104.0,1
1197,2015-04-12,1610612743,1610612758,2014,1610612743,122.0,111.0,1
1198,2015-04-12,1610612765,1610612766,2014,1610612765,116.0,77.0,1
1199,2015-04-12,1610612738,1610612739,2014,1610612738,117.0,78.0,1
1200,2015-04-12,1610612749,1610612751,2014,1610612749,96.0,73.0,1
1201,2015-04-13,1610612746,1610612743,2014,1610612746,110.0,103.0,1
1202,2015-04-13,1610612744,1610612763,2014,1610612744,111.0,107.0,1
1203,2015-04-13,1610612758,1610612747,2014,1610612758,102.0,92.0,1
1204,2015-04-13,1610612762,1610612742,2014,1610612762,109.0,92.0,1
1205,2015-04-13,1610612760,1610612757,2014,1610612760,101.0,90.0,1
1206,2015-04-13,1610612750,1610612740,2014,1610612750,88.0,100.0,0
1207,2015-04-13,1610612748,1610612753,2014,1610612748,100.0,93.0,1
1208,2015-04-13,1610612751,1610612741,2014,1610612751,86.0,113.0,0
1209,2015-04-13,1610612737,1610612752,2014,1610612737,108.0,112.0,0
1210,2015-04-13,1610612755,1610612749,2014,1610612755,97.0,107.0,0
1211,2015-04-13,1610612739,1610612765,2014,1610612739,109.0,97.0,1
1212,2015-04-13,1610612766,1610612745,2014,1610612766,90.0,100.0,0
1213,2015-04-14,1610612756,1610612746,2014,1610612756,101.0,112.0,0
1214,2015-04-14,1610612754,1610612764,2014,1610612754,99.0,95.0,1
1215,2015-04-14,1610612738,1610612761,2014,1610612738,95.0,93.0,1
1216,2015-04-15,1610612747,1610612758,2014,1610612747,99.0,122.0,0
1217,2015-04-15,1610612744,1610612743,2014,1610612744,133.0,126.0,1
1218,2015-04-15,1610612763,1610612754,2014,1610612763,95.0,83.0,1
1219,2015-04-15,1610612755,1610612748,2014,1610612755,101.0,105.0,0
1220,2015-04-15,1610612752,1610612765,2014,1610612752,90.0,112.0,0
1221,2015-04-15,1610612739,1610612764,2014,1610612739,113.0,108.0,1
1222,2015-04-15,1610612751,1610612753,2014,1610612751,101.0,88.0,1
1223,2015-04-15,1610612740,1610612759,2014,1610612740,108.0,103.0,1
1224,2015-04-15,1610612750,1610612760,2014,1610612750,113.0,138.0,0
1225,2015-04-15,1610612749,1610612738,2014,1610612749,100.0,105.0,0
1226,2015-04-15,1610612745,1610612762,2014,1610612745,117.0,91.0,1
1227,2015-04-15,1610612742,1610612757,2014,1610612742,114.0,98.0,1
1228,2015-04-15,1610612741,1610612737,2014,1610612741,91.0,85.0,1
1229,2015-04-15,1610612761,1610612766,2014,1610612761,92.0,87.0,1
1230,2015-04-18,1610612745,1610612742,2014,1610612745,118.0,108.0,1
1231,2015-04-18,1610612741,1610612749,2014,1610612741,103.0,91.0,1
1232,2015-04-18,1610612744,1610612740,2014,1610612744,106.0,99.0,1
1233,2015-04-18,1610612761,1610612764,2014,1610612761,86.0,93.0,0
1234,2015-04-19,1610612746,1610612759,2014,1610612746,107.0,92.0,1
1235,2015-04-19,1610612763,1610612757,2014,1610612763,100.0,86.0,1
1236,2015-04-19,1610612737,1610612751,2014,1610612737,99.0,92.0,1
1237,2015-04-19,1610612739,1610612738,2014,1610612739,113.0,100.0,1
1238,2015-04-20,1610612744,1610612740,2014,1610612744,97.0,87.0,1
1239,2015-04-20,1610612741,1610612749,2014,1610612741,91.0,82.0,1
1240,2015-04-21,1610612745,1610612742,2014,1610612745,111.0,99.0,1
1241,2015-04-21,1610612761,1610612764,2014,1610612761,106.0,117.0,0
1242,2015-04-21,1610612739,1610612738,2014,1610612739,99.0,91.0,1
1243,2015-04-22,1610612746,1610612759,2014,1610612746,107.0,111.0,0
1244,2015-04-22,1610612763,1610612757,2014,1610612763,97.0,82.0,1
1245,2015-04-22,1610612737,1610612751,2014,1610612737,96.0,91.0,1
1246,2015-04-23,1610612740,1610612744,2014,1610612740,119.0,123.0,0
1247,2015-04-23,1610612749,1610612741,2014,1610612749,106.0,113.0,0
1248,2015-04-23,1610612738,1610612739,2014,1610612738,95.0,103.0,0
1249,2015-04-24,1610612759,1610612746,2014,1610612759,100.0,73.0,1
1250,2015-04-24,1610612764,1610612761,2014,1610612764,106.0,99.0,1
1251,2015-04-24,1610612742,1610612745,2014,1610612742,128.0,130.0,0
1252,2015-04-25,1610612757,1610612763,2014,1610612757,109.0,115.0,0
1253,2015-04-25,1610612740,1610612744,2014,1610612740,98.0,109.0,0
1254,2015-04-25,1610612749,1610612741,2014,1610612749,92.0,90.0,1
1255,2015-04-25,1610612751,1610612737,2014,1610612751,91.0,83.0,1
1256,2015-04-26,1610612742,1610612745,2014,1610612742,121.0,109.0,1
1257,2015-04-26,1610612764,1610612761,2014,1610612764,125.0,94.0,1
1258,2015-04-26,1610612759,1610612746,2014,1610612759,105.0,114.0,0
1259,2015-04-26,1610612738,1610612739,2014,1610612738,93.0,101.0,0
1260,2015-04-27,1610612757,1610612763,2014,1610612757,99.0,92.0,1
1261,2015-04-27,1610612741,1610612749,2014,1610612741,88.0,94.0,0
1262,2015-04-27,1610612751,1610612737,2014,1610612751,120.0,115.0,1
1263,2015-04-28,1610612746,1610612759,2014,1610612746,107.0,111.0,0
1264,2015-04-28,1610612745,1610612742,2014,1610612745,103.0,94.0,1
1265,2015-04-29,1610612763,1610612757,2014,1610612763,99.0,93.0,1
1266,2015-04-29,1610612737,1610612751,2014,1610612737,107.0,97.0,1
1267,2015-04-30,1610612759,1610612746,2014,1610612759,96.0,102.0,0
1268,2015-04-30,1610612749,1610612741,2014,1610612749,66.0,120.0,0
1269,2015-05-01,1610612751,1610612737,2014,1610612751,87.0,111.0,0
1270,2015-05-02,1610612746,1610612759,2014,1610612746,111.0,109.0,1
1271,2015-05-03,1610612744,1610612763,2014,1610612744,101.0,86.0,1
1272,2015-05-03,1610612737,1610612764,2014,1610612737,98.0,104.0,0
1273,2015-05-04,1610612745,1610612746,2014,1610612745,101.0,117.0,0
1274,2015-05-04,1610612739,1610612741,2014,1610612739,92.0,99.0,0
1275,2015-05-05,1610612744,1610612763,2014,1610612744,90.0,97.0,0
1276,2015-05-05,1610612737,1610612764,2014,1610612737,106.0,90.0,1
1277,2015-05-06,1610612745,1610612746,2014,1610612745,115.0,109.0,1
1278,2015-05-06,1610612739,1610612741,2014,1610612739,106.0,91.0,1
1279,2015-05-08,1610612746,1610612745,2014,1610612746,124.0,99.0,1
1280,2015-05-08,1610612741,1610612739,2014,1610612741,99.0,96.0,1
1281,2015-05-09,1610612763,1610612744,2014,1610612763,99.0,89.0,1
1282,2015-05-09,1610612764,1610612737,2014,1610612764,103.0,101.0,1
1283,2015-05-10,1610612746,1610612745,2014,1610612746,128.0,95.0,1
1284,2015-05-10,1610612741,1610612739,2014,1610612741,84.0,86.0,0
1285,2015-05-11,1610612763,1610612744,2014,1610612763,84.0,101.0,0
1286,2015-05-11,1610612764,1610612737,2014,1610612764,101.0,106.0,0
1287,2015-05-12,1610612745,1610612746,2014,1610612745,124.0,103.0,1
1288,2015-05-12,1610612739,1610612741,2014,1610612739,106.0,101.0,1
1289,2015-05-13,1610612744,1610612763,2014,1610612744,98.0,78.0,1
1290,2015-05-13,1610612737,1610612764,2014,1610612737,82.0,81.0,1
1291,2015-05-14,1610612746,1610612745,2014,1610612746,107.0,119.0,0
1292,2015-05-14,1610612741,1610612739,2014,1610612741,73.0,94.0,0
1293,2015-05-15,1610612763,1610612744,2014,1610612763,95.0,108.0,0
1294,2015-05-15,1610612764,1610612737,2014,1610612764,91.0,94.0,0
1295,2015-05-17,1610612745,1610612746,2014,1610612745,113.0,100.0,1
1296,2015-05-19,1610612744,1610612745,2014,1610612744,110.0,106.0,1
1297,2015-05-20,1610612737,1610612739,2014,1610612737,89.0,97.0,0
1298,2015-05-21,1610612744,1610612745,2014,1610612744,99.0,98.0,1
1299,2015-05-22,1610612737,1610612739,2014,1610612737,82.0,94.0,0
1300,2015-05-23,1610612745,1610612744,2014,1610612745,80.0,115.0,0
1301,2015-05-24,1610612739,1610612737,2014,1610612739,114.0,111.0,1
1302,2015-05-25,1610612745,1610612744,2014,1610612745,128.0,115.0,1
1303,2015-05-26,1610612739,1610612737,2014,1610612739,118.0,88.0,1
1304,2015-05-27,1610612744,1610612745,2014,1610612744,104.0,90.0,1
1305,2015-06-04,1610612744,1610612739,2014,1610612744,108.0,100.0,1
1306,2015-06-07,1610612744,1610612739,2014,1610612744,93.0,95.0,0
1307,2015-06-09,1610612739,1610612744,2014,1610612739,96.0,91.0,1
1308,2015-06-11,1610612739,1610612744,2014,1610612739,82.0,103.0,0
1309,2015-06-14,1610612744,1610612739,2014,1610612744,104.0,91.0,1
1310,2015-06-16,1610612739,1610612744,2014,1610612739,97.0,105.0,0
