,date,game_id,home,away,home_id,away_id,home_pts,away_pts
0,2019-10-22,0021900001,NOP,TOR,1610612740.0,1610612761.0,122.0,130.0
1,2019-10-22,0021900002,LAL,LAC,1610612747.0,1610612746.0,102.0,112.0
2,2019-10-23,0021900003,CHI,CHA,1610612741.0,1610612766.0,125.0,126.0
3,2019-10-23,0021900004,DET,IND,1610612765.0,1610612754.0,119.0,110.0
4,2019-10-23,0021900005,CLE,ORL,1610612739.0,1610612753.0,85.0,94.0
5,2019-10-23,0021900006,MIN,BKN,1610612750.0,1610612751.0,127.0,126.0
6,2019-10-23,0021900007,MEM,MIA,1610612763.0,1610612748.0,101.0,120.0
7,2019-10-23,0021900008,BOS,PHI,1610612738.0,1610612755.0,93.0,107.0
8,2019-10-23,0021900009,WAS,DAL,1610612764.0,1610612742.0,100.0,108.0
9,2019-10-23,0021900010,NYK,SAS,1610612752.0,1610612759.0,111.0,120.0
10,2019-10-23,0021900011,OKC,UTA,1610612760.0,1610612762.0,95.0,100.0
11,2019-10-23,0021900012,SAC,PHX,1610612758.0,1610612756.0,95.0,124.0
12,2019-10-23,0021900013,DEN,POR,1610612743.0,1610612757.0,108.0,100.0
13,2019-10-24,0021900014,ATL,DET,1610612737.0,1610612765.0,117.0,100.0
14,2019-10-24,0021900015,MIL,HOU,1610612749.0,1610612745.0,117.0,111.0
15,2019-10-24,0021900016,LAC,GSW,1610612746.0,1610612744.0,141.0,122.0
16,2019-10-25,0021900017,TOR,BOS,1610612761.0,1610612738.0,106.0,112.0
17,2019-10-25,0021900018,MIN,CHA,1610612750.0,1610612766.0,121.0,99.0
18,2019-10-25,0021900019,NYK,BKN,1610612752.0,1610612751.0,109.0,113.0
19,2019-10-25,0021900020,CHI,MEM,1610612741.0,1610612763.0,110.0,102.0
20,2019-10-25,0021900021,DAL,NOP,1610612742.0,1610612740.0,123.0,116.0
21,2019-10-25,0021900022,WAS,OKC,1610612764.0,1610612760.0,97.0,85.0
22,2019-10-25,0021900023,PHX,DEN,1610612756.0,1610612743.0,107.0,108.0
23,2019-10-25,0021900024,POR,SAC,1610612757.0,1610612758.0,122.0,112.0
24,2019-10-25,0021900025,UTA,LAL,1610612762.0,1610612747.0,86.0,95.0
25,2019-10-26,0021900026,MIA,MIL,1610612748.0,1610612749.0,131.0,126.0
26,2019-10-26,0021900027,PHI,DET,1610612755.0,1610612765.0,117.0,111.0
27,2019-10-26,0021900028,ORL,ATL,1610612753.0,1610612737.0,99.0,103.0
28,2019-10-26,0021900029,BOS,NYK,1610612738.0,1610612752.0,118.0,95.0
29,2019-10-26,0021900030,IND,CLE,1610612754.0,1610612739.0,99.0,110.0
30,2019-10-26,0021900031,TOR,CHI,1610612761.0,1610612741.0,108.0,84.0
31,2019-10-26,0021900032,NOP,HOU,1610612740.0,1610612745.0,123.0,126.0
32,2019-10-26,0021900033,WAS,SAS,1610612764.0,1610612759.0,122.0,124.0
33,2019-10-26,0021900034,SAC,UTA,1610612758.0,1610612762.0,81.0,113.0
34,2019-10-26,0021900035,LAC,PHX,1610612746.0,1610612756.0,122.0,130.0
35,2019-10-27,0021900036,GSW,OKC,1610612744.0,1610612760.0,92.0,120.0
36,2019-10-27,0021900037,BKN,MEM,1610612751.0,1610612763.0,133.0,134.0
37,2019-10-27,0021900038,POR,DAL,1610612757.0,1610612742.0,121.0,119.0
38,2019-10-27,0021900039,MIA,MIN,1610612748.0,1610612750.0,109.0,116.0
39,2019-10-27,0021900040,CHA,LAL,1610612766.0,1610612747.0,101.0,120.0
40,2019-10-28,0021900041,IND,DET,1610612754.0,1610612765.0,94.0,96.0
41,2019-10-28,0021900042,CHI,NYK,1610612741.0,1610612752.0,98.0,105.0
42,2019-10-28,0021900043,PHI,ATL,1610612755.0,1610612737.0,105.0,103.0
43,2019-10-28,0021900044,ORL,TOR,1610612753.0,1610612761.0,95.0,104.0
44,2019-10-28,0021900045,OKC,HOU,1610612760.0,1610612745.0,112.0,116.0
45,2019-10-28,0021900046,CLE,MIL,1610612739.0,1610612749.0,112.0,129.0
46,2019-10-28,0021900047,GSW,NOP,1610612744.0,1610612740.0,134.0,123.0
47,2019-10-28,0021900048,POR,SAS,1610612757.0,1610612759.0,110.0,113.0
48,2019-10-28,0021900049,UTA,PHX,1610612762.0,1610612756.0,96.0,95.0
49,2019-10-28,0021900050,DEN,SAC,1610612743.0,1610612758.0,101.0,94.0
50,2019-10-28,0021900051,CHA,LAC,1610612766.0,1610612746.0,96.0,111.0
51,2019-10-29,0021900052,ATL,MIA,1610612737.0,1610612748.0,97.0,112.0
52,2019-10-29,0021900053,DAL,DEN,1610612742.0,1610612743.0,109.0,106.0
53,2019-10-29,0021900054,MEM,LAL,1610612763.0,1610612747.0,91.0,120.0
54,2019-10-30,0021900055,CHI,CLE,1610612741.0,1610612739.0,111.0,117.0
55,2019-10-30,0021900056,NYK,ORL,1610612752.0,1610612753.0,83.0,95.0
56,2019-10-30,0021900057,MIN,PHI,1610612750.0,1610612755.0,95.0,117.0
57,2019-10-30,0021900058,MIL,BOS,1610612749.0,1610612738.0,105.0,116.0
58,2019-10-30,0021900059,IND,BKN,1610612754.0,1610612751.0,118.0,108.0
59,2019-10-30,0021900060,DET,TOR,1610612765.0,1610612761.0,113.0,125.0
60,2019-10-30,0021900061,HOU,WAS,1610612745.0,1610612764.0,159.0,158.0
61,2019-10-30,0021900062,POR,OKC,1610612757.0,1610612760.0,102.0,99.0
62,2019-10-30,0021900063,LAC,UTA,1610612746.0,1610612762.0,96.0,110.0
63,2019-10-30,0021900064,CHA,SAC,1610612766.0,1610612758.0,118.0,111.0
64,2019-10-30,0021900065,PHX,GSW,1610612756.0,1610612744.0,121.0,110.0
65,2019-10-31,0021900066,MIA,ATL,1610612748.0,1610612737.0,106.0,97.0
66,2019-10-31,0021900067,DEN,NOP,1610612743.0,1610612740.0,107.0,122.0
67,2019-10-31,0021900068,SAS,LAC,1610612759.0,1610612746.0,97.0,103.0
68,2019-11-01,0021900069,HOU,BKN,1610612745.0,1610612751.0,116.0,123.0
69,2019-11-01,0021900070,CLE,IND,1610612739.0,1610612754.0,95.0,102.0
70,2019-11-01,0021900071,MIL,ORL,1610612749.0,1610612753.0,123.0,91.0
71,2019-11-01,0021900072,NYK,BOS,1610612752.0,1610612738.0,102.0,104.0
72,2019-11-01,0021900073,DET,CHI,1610612765.0,1610612741.0,106.0,112.0
73,2019-11-01,0021900074,LAL,DAL,1610612747.0,1610612742.0,119.0,110.0
74,2019-11-01,0021900075,UTA,SAC,1610612762.0,1610612758.0,101.0,102.0
75,2019-11-01,0021900076,SAS,GSW,1610612759.0,1610612744.0,127.0,110.0
76,2019-11-02,0021900077,NOP,OKC,1610612740.0,1610612760.0,104.0,115.0
77,2019-11-02,0021900078,BKN,DET,1610612751.0,1610612765.0,109.0,113.0
78,2019-11-02,0021900079,DEN,ORL,1610612743.0,1610612753.0,91.0,87.0
79,2019-11-02,0021900080,MIN,WAS,1610612750.0,1610612764.0,131.0,109.0
80,2019-11-02,0021900081,PHX,MEM,1610612756.0,1610612763.0,114.0,105.0
81,2019-11-02,0021900082,TOR,MIL,1610612761.0,1610612749.0,105.0,115.0
82,2019-11-02,0021900083,CHA,GSW,1610612766.0,1610612744.0,93.0,87.0
83,2019-11-02,0021900084,PHI,POR,1610612755.0,1610612757.0,129.0,128.0
84,2019-11-03,0021900085,CHI,IND,1610612741.0,1610612754.0,95.0,108.0
85,2019-11-03,0021900086,HOU,MIA,1610612745.0,1610612748.0,100.0,129.0
86,2019-11-03,0021900087,SAC,NYK,1610612758.0,1610612752.0,113.0,92.0
87,2019-11-03,0021900088,LAL,SAS,1610612747.0,1610612759.0,103.0,96.0
88,2019-11-03,0021900089,DAL,CLE,1610612742.0,1610612739.0,131.0,111.0
89,2019-11-03,0021900090,UTA,LAC,1610612762.0,1610612746.0,94.0,105.0
90,2019-11-04,0021900091,DET,WAS,1610612765.0,1610612764.0,99.0,115.0
91,2019-11-04,0021900092,NOP,BKN,1610612740.0,1610612751.0,125.0,135.0
92,2019-11-04,0021900093,HOU,MEM,1610612745.0,1610612763.0,107.0,100.0
93,2019-11-04,0021900094,MIL,MIN,1610612749.0,1610612750.0,134.0,106.0
94,2019-11-04,0021900095,PHI,PHX,1610612755.0,1610612756.0,109.0,114.0
95,2019-11-04,0021900096,POR,GSW,1610612757.0,1610612744.0,118.0,127.0
96,2019-11-05,0021900097,IND,CHA,1610612754.0,1610612766.0,120.0,122.0
97,2019-11-05,0021900098,BOS,CLE,1610612738.0,1610612739.0,119.0,113.0
98,2019-11-05,0021900099,SAS,ATL,1610612759.0,1610612737.0,100.0,108.0
99,2019-11-05,0021900100,LAL,CHI,1610612747.0,1610612741.0,118.0,112.0
100,2019-11-05,0021900101,ORL,OKC,1610612753.0,1610612760.0,94.0,102.0
101,2019-11-05,0021900102,MIA,DEN,1610612748.0,1610612743.0,89.0,109.0
102,2019-11-06,0021900103,NYK,DET,1610612752.0,1610612765.0,102.0,122.0
103,2019-11-06,0021900104,WAS,IND,1610612764.0,1610612754.0,106.0,121.0
104,2019-11-06,0021900105,CHI,ATL,1610612741.0,1610612737.0,113.0,93.0
105,2019-11-06,0021900106,SAC,TOR,1610612758.0,1610612761.0,120.0,124.0
106,2019-11-06,0021900107,GSW,HOU,1610612744.0,1610612745.0,112.0,129.0
107,2019-11-06,0021900108,MIN,MEM,1610612750.0,1610612763.0,121.0,137.0
108,2019-11-06,0021900109,ORL,DAL,1610612753.0,1610612742.0,106.0,107.0
109,2019-11-06,0021900110,PHI,UTA,1610612755.0,1610612762.0,104.0,106.0
110,2019-11-06,0021900111,MIL,LAC,1610612749.0,1610612746.0,129.0,124.0
111,2019-11-07,0021900112,BOS,CHA,1610612738.0,1610612766.0,108.0,87.0
112,2019-11-07,0021900113,OKC,SAS,1610612760.0,1610612759.0,112.0,121.0
113,2019-11-07,0021900114,MIA,PHX,1610612748.0,1610612756.0,124.0,108.0
114,2019-11-07,0021900115,POR,LAC,1610612757.0,1610612746.0,101.0,107.0
115,2019-11-08,0021900116,DET,IND,1610612765.0,1610612754.0,106.0,112.0
116,2019-11-08,0021900117,MEM,ORL,1610612763.0,1610612753.0,86.0,118.0
117,2019-11-08,0021900118,CLE,WAS,1610612739.0,1610612764.0,113.0,100.0
118,2019-11-08,0021900119,SAC,ATL,1610612758.0,1610612737.0,121.0,109.0
119,2019-11-08,0021900120,GSW,MIN,1610612744.0,1610612750.0,119.0,125.0
120,2019-11-08,0021900121,TOR,NOP,1610612761.0,1610612740.0,122.0,104.0
121,2019-11-08,0021900122,NYK,DAL,1610612752.0,1610612742.0,106.0,102.0
122,2019-11-08,0021900123,PHI,DEN,1610612755.0,1610612743.0,97.0,100.0
123,2019-11-08,0021900124,MIL,UTA,1610612749.0,1610612762.0,100.0,103.0
124,2019-11-08,0021900125,BKN,POR,1610612751.0,1610612757.0,119.0,115.0
125,2019-11-08,0021900126,MIA,LAL,1610612748.0,1610612747.0,80.0,95.0
126,2019-11-09,0021900127,BOS,SAS,1610612738.0,1610612759.0,135.0,115.0
127,2019-11-09,0021900128,NOP,CHA,1610612740.0,1610612766.0,115.0,110.0
128,2019-11-09,0021900129,HOU,CHI,1610612745.0,1610612741.0,117.0,94.0
129,2019-11-09,0021900130,DAL,MEM,1610612742.0,1610612763.0,138.0,122.0
130,2019-11-09,0021900131,GSW,OKC,1610612744.0,1610612760.0,108.0,114.0
131,2019-11-10,0021900132,DEN,MIN,1610612743.0,1610612750.0,100.0,98.0
132,2019-11-10,0021900133,IND,ORL,1610612754.0,1610612753.0,109.0,102.0
133,2019-11-10,0021900134,CHA,PHI,1610612766.0,1610612755.0,106.0,114.0
134,2019-11-10,0021900135,MIL,OKC,1610612749.0,1610612760.0,121.0,119.0
135,2019-11-10,0021900136,CLE,NYK,1610612739.0,1610612752.0,108.0,87.0
136,2019-11-10,0021900137,BKN,PHX,1610612751.0,1610612756.0,112.0,138.0
137,2019-11-10,0021900138,ATL,POR,1610612737.0,1610612757.0,113.0,124.0
138,2019-11-10,0021900139,TOR,LAL,1610612761.0,1610612747.0,113.0,104.0
139,2019-11-11,0021900140,MIN,DET,1610612750.0,1610612765.0,120.0,114.0
140,2019-11-11,0021900141,DAL,BOS,1610612742.0,1610612738.0,106.0,116.0
141,2019-11-11,0021900143,MEM,SAS,1610612763.0,1610612759.0,113.0,109.0
142,2019-11-11,0021900142,HOU,NOP,1610612745.0,1610612740.0,122.0,116.0
143,2019-11-11,0021900144,UTA,GSW,1610612762.0,1610612744.0,122.0,108.0
144,2019-11-11,0021900145,TOR,LAC,1610612761.0,1610612746.0,88.0,98.0
145,2019-11-12,0021900146,OKC,IND,1610612760.0,1610612754.0,85.0,111.0
146,2019-11-12,0021900147,CLE,PHI,1610612739.0,1610612755.0,97.0,98.0
147,2019-11-12,0021900148,DET,MIA,1610612765.0,1610612748.0,108.0,117.0
148,2019-11-12,0021900149,NYK,CHI,1610612752.0,1610612741.0,102.0,120.0
149,2019-11-12,0021900150,ATL,DEN,1610612737.0,1610612743.0,125.0,121.0
150,2019-11-12,0021900151,LAL,PHX,1610612747.0,1610612756.0,123.0,115.0
151,2019-11-12,0021900152,BKN,UTA,1610612751.0,1610612762.0,114.0,119.0
152,2019-11-12,0021900153,POR,SAC,1610612757.0,1610612758.0,99.0,107.0
153,2019-11-13,0021900154,MEM,CHA,1610612763.0,1610612766.0,119.0,117.0
154,2019-11-13,0021900155,PHI,ORL,1610612755.0,1610612753.0,97.0,112.0
155,2019-11-13,0021900156,WAS,BOS,1610612764.0,1610612738.0,133.0,140.0
156,2019-11-13,0021900157,LAC,HOU,1610612746.0,1610612745.0,93.0,102.0
157,2019-11-13,0021900158,SAS,MIN,1610612759.0,1610612750.0,114.0,129.0
158,2019-11-13,0021900159,GSW,LAL,1610612744.0,1610612747.0,94.0,120.0
159,2019-11-13,0021900160,TOR,POR,1610612761.0,1610612757.0,114.0,106.0
160,2019-11-14,0021900161,MIA,CLE,1610612748.0,1610612739.0,108.0,97.0
161,2019-11-14,0021900162,DAL,NYK,1610612742.0,1610612752.0,103.0,106.0
162,2019-11-14,0021900163,CHI,MIL,1610612741.0,1610612749.0,115.0,124.0
163,2019-11-14,0021900164,LAC,NOP,1610612746.0,1610612740.0,127.0,132.0
164,2019-11-14,0021900165,ATL,PHX,1610612737.0,1610612756.0,112.0,128.0
165,2019-11-14,0021900166,BKN,DEN,1610612751.0,1610612743.0,93.0,101.0
166,2019-11-15,0021900167,DET,CHA,1610612765.0,1610612766.0,106.0,109.0
167,2019-11-15,0021900168,SAS,ORL,1610612759.0,1610612753.0,109.0,111.0
168,2019-11-15,0021900169,IND,HOU,1610612754.0,1610612745.0,102.0,111.0
169,2019-11-15,0021900170,UTA,MEM,1610612762.0,1610612763.0,106.0,107.0
170,2019-11-15,0021900171,WAS,MIN,1610612764.0,1610612750.0,137.0,116.0
171,2019-11-15,0021900172,PHI,OKC,1610612755.0,1610612760.0,119.0,127.0
172,2019-11-15,0021900173,BOS,GSW,1610612738.0,1610612744.0,105.0,100.0
173,2019-11-15,0021900174,SAC,LAL,1610612758.0,1610612747.0,97.0,99.0
174,2019-11-16,0021900175,BKN,CHI,1610612751.0,1610612741.0,117.0,111.0
175,2019-11-16,0021900176,MIL,IND,1610612749.0,1610612754.0,102.0,83.0
176,2019-11-16,0021900177,CHA,NYK,1610612766.0,1610612752.0,103.0,102.0
177,2019-11-16,0021900178,NOP,MIA,1610612740.0,1610612748.0,94.0,109.0
178,2019-11-16,0021900179,HOU,MIN,1610612745.0,1610612750.0,125.0,105.0
179,2019-11-16,0021900180,TOR,DAL,1610612761.0,1610612742.0,102.0,110.0
180,2019-11-16,0021900181,POR,SAS,1610612757.0,1610612759.0,121.0,116.0
181,2019-11-16,0021900182,ATL,LAC,1610612737.0,1610612746.0,101.0,150.0
182,2019-11-17,0021900183,PHI,CLE,1610612755.0,1610612739.0,114.0,95.0
183,2019-11-17,0021900184,BOS,SAC,1610612738.0,1610612758.0,99.0,100.0
184,2019-11-17,0021900185,WAS,ORL,1610612764.0,1610612753.0,121.0,125.0
185,2019-11-17,0021900186,DEN,MEM,1610612743.0,1610612763.0,131.0,114.0
186,2019-11-17,0021900187,GSW,NOP,1610612744.0,1610612740.0,100.0,108.0
187,2019-11-17,0021900188,ATL,LAL,1610612737.0,1610612747.0,101.0,122.0
188,2019-11-18,0021900189,CLE,NYK,1610612739.0,1610612752.0,105.0,123.0
189,2019-11-18,0021900190,IND,BKN,1610612754.0,1610612751.0,115.0,86.0
190,2019-11-18,0021900191,CHA,TOR,1610612766.0,1610612761.0,96.0,132.0
191,2019-11-18,0021900192,MIL,CHI,1610612749.0,1610612741.0,115.0,101.0
192,2019-11-18,0021900193,POR,HOU,1610612757.0,1610612745.0,108.0,132.0
193,2019-11-18,0021900194,SAS,DAL,1610612759.0,1610612742.0,110.0,117.0
194,2019-11-18,0021900195,BOS,PHX,1610612738.0,1610612756.0,99.0,85.0
195,2019-11-18,0021900196,MIN,UTA,1610612750.0,1610612762.0,112.0,102.0
196,2019-11-18,0021900197,OKC,LAC,1610612760.0,1610612746.0,88.0,90.0
197,2019-11-19,0021900198,GSW,MEM,1610612744.0,1610612763.0,114.0,95.0
198,2019-11-19,0021900199,POR,NOP,1610612757.0,1610612740.0,104.0,115.0
199,2019-11-19,0021900200,PHX,SAC,1610612756.0,1610612758.0,116.0,120.0
200,2019-11-19,0021900201,OKC,LAL,1610612760.0,1610612747.0,107.0,112.0
201,2019-11-20,0021900202,NYK,PHI,1610612752.0,1610612755.0,104.0,109.0
202,2019-11-20,0021900203,SAS,WAS,1610612759.0,1610612764.0,132.0,138.0
203,2019-11-20,0021900204,MIL,ATL,1610612749.0,1610612737.0,135.0,127.0
204,2019-11-20,0021900205,CHA,BKN,1610612766.0,1610612751.0,91.0,101.0
205,2019-11-20,0021900206,CLE,MIA,1610612739.0,1610612748.0,100.0,124.0
206,2019-11-20,0021900207,ORL,TOR,1610612753.0,1610612761.0,97.0,113.0
207,2019-11-20,0021900208,GSW,DAL,1610612744.0,1610612742.0,94.0,142.0
208,2019-11-20,0021900209,DET,CHI,1610612765.0,1610612741.0,89.0,109.0
209,2019-11-20,0021900210,UTA,MIN,1610612762.0,1610612750.0,103.0,95.0
210,2019-11-20,0021900211,HOU,DEN,1610612745.0,1610612743.0,95.0,105.0
211,2019-11-20,0021900212,BOS,LAC,1610612738.0,1610612746.0,104.0,107.0
212,2019-11-21,0021900213,POR,MIL,1610612757.0,1610612749.0,129.0,137.0
213,2019-11-21,0021900214,NOP,PHX,1610612740.0,1610612756.0,124.0,121.0
214,2019-11-22,0021900215,ATL,DET,1610612737.0,1610612765.0,103.0,128.0
215,2019-11-22,0021900216,CHA,WAS,1610612766.0,1610612764.0,118.0,125.0
216,2019-11-22,0021900217,SAC,BKN,1610612758.0,1610612751.0,97.0,116.0
217,2019-11-22,0021900218,SAS,PHI,1610612759.0,1610612755.0,104.0,115.0
218,2019-11-22,0021900219,MIA,CHI,1610612748.0,1610612741.0,116.0,108.0
219,2019-11-22,0021900220,LAL,OKC,1610612747.0,1610612760.0,130.0,127.0
220,2019-11-22,0021900221,CLE,DAL,1610612739.0,1610612742.0,101.0,143.0
221,2019-11-22,0021900222,BOS,DEN,1610612738.0,1610612743.0,92.0,96.0
222,2019-11-22,0021900223,GSW,UTA,1610612744.0,1610612762.0,109.0,113.0
223,2019-11-22,0021900224,HOU,LAC,1610612745.0,1610612746.0,119.0,122.0
224,2019-11-23,0021900225,PHX,MIN,1610612756.0,1610612750.0,100.0,98.0
225,2019-11-23,0021900226,CHI,CHA,1610612741.0,1610612766.0,116.0,115.0
226,2019-11-23,0021900227,ORL,IND,1610612753.0,1610612754.0,106.0,111.0
227,2019-11-23,0021900228,TOR,ATL,1610612761.0,1610612737.0,119.0,116.0
228,2019-11-23,0021900229,SAS,NYK,1610612759.0,1610612752.0,111.0,104.0
229,2019-11-23,0021900230,MIA,PHI,1610612748.0,1610612755.0,86.0,113.0
230,2019-11-23,0021900231,POR,CLE,1610612757.0,1610612739.0,104.0,110.0
231,2019-11-23,0021900232,LAL,MEM,1610612747.0,1610612763.0,109.0,108.0
232,2019-11-23,0021900233,DET,MIL,1610612765.0,1610612749.0,90.0,104.0
233,2019-11-23,0021900234,NOP,UTA,1610612740.0,1610612762.0,120.0,128.0
234,2019-11-24,0021900235,DAL,HOU,1610612742.0,1610612745.0,137.0,123.0
235,2019-11-24,0021900236,BKN,NYK,1610612751.0,1610612752.0,103.0,101.0
236,2019-11-24,0021900237,SAC,WAS,1610612758.0,1610612764.0,113.0,106.0
237,2019-11-24,0021900238,PHX,DEN,1610612756.0,1610612743.0,104.0,116.0
238,2019-11-24,0021900239,NOP,LAC,1610612740.0,1610612746.0,109.0,134.0
239,2019-11-25,0021900240,BKN,CLE,1610612751.0,1610612739.0,108.0,106.0
240,2019-11-25,0021900241,ORL,DET,1610612753.0,1610612765.0,88.0,103.0
241,2019-11-25,0021900242,MEM,IND,1610612763.0,1610612754.0,114.0,126.0
242,2019-11-25,0021900243,MIN,ATL,1610612750.0,1610612737.0,125.0,113.0
243,2019-11-25,0021900244,SAC,BOS,1610612758.0,1610612738.0,102.0,103.0
244,2019-11-25,0021900245,CHA,MIA,1610612766.0,1610612748.0,100.0,117.0
245,2019-11-25,0021900246,PHI,TOR,1610612755.0,1610612761.0,96.0,101.0
246,2019-11-25,0021900247,POR,CHI,1610612757.0,1610612741.0,117.0,94.0
247,2019-11-25,0021900248,UTA,MIL,1610612762.0,1610612749.0,118.0,122.0
248,2019-11-25,0021900249,LAL,SAS,1610612747.0,1610612759.0,114.0,104.0
249,2019-11-25,0021900250,OKC,GSW,1610612760.0,1610612744.0,100.0,97.0
250,2019-11-26,0021900251,LAC,DAL,1610612746.0,1610612742.0,114.0,99.0
251,2019-11-26,0021900252,WAS,DEN,1610612764.0,1610612743.0,104.0,117.0
252,2019-11-27,0021900253,BKN,BOS,1610612751.0,1610612738.0,110.0,121.0
253,2019-11-27,0021900254,DET,CHA,1610612765.0,1610612766.0,101.0,102.0
254,2019-11-27,0021900255,ORL,CLE,1610612753.0,1610612739.0,116.0,104.0
255,2019-11-27,0021900256,UTA,IND,1610612762.0,1610612754.0,102.0,121.0
256,2019-11-27,0021900257,SAC,PHI,1610612758.0,1610612755.0,91.0,97.0
257,2019-11-27,0021900258,NYK,TOR,1610612752.0,1610612761.0,98.0,126.0
258,2019-11-27,0021900259,MIA,HOU,1610612748.0,1610612745.0,108.0,117.0
259,2019-11-27,0021900260,LAC,MEM,1610612746.0,1610612763.0,121.0,119.0
260,2019-11-27,0021900261,ATL,MIL,1610612737.0,1610612749.0,102.0,111.0
261,2019-11-27,0021900262,MIN,SAS,1610612750.0,1610612759.0,113.0,101.0
262,2019-11-27,0021900263,WAS,PHX,1610612764.0,1610612756.0,140.0,132.0
263,2019-11-27,0021900264,LAL,NOP,1610612747.0,1610612740.0,114.0,110.0
264,2019-11-27,0021900265,OKC,POR,1610612760.0,1610612757.0,119.0,136.0
265,2019-11-27,0021900266,CHI,GSW,1610612741.0,1610612744.0,90.0,104.0
266,2019-11-29,0021900267,BOS,BKN,1610612738.0,1610612751.0,107.0,112.0
267,2019-11-29,0021900268,CHA,DET,1610612766.0,1610612765.0,110.0,107.0
268,2019-11-29,0021900269,TOR,ORL,1610612761.0,1610612753.0,90.0,83.0
269,2019-11-29,0021900270,MIL,CLE,1610612749.0,1610612739.0,119.0,110.0
270,2019-11-29,0021900271,PHI,NYK,1610612755.0,1610612752.0,101.0,95.0
271,2019-11-29,0021900272,ATL,IND,1610612737.0,1610612754.0,104.0,105.0
272,2019-11-29,0021900273,GSW,MIA,1610612744.0,1610612748.0,105.0,122.0
273,2019-11-29,0021900274,UTA,MEM,1610612762.0,1610612763.0,103.0,94.0
274,2019-11-29,0021900275,NOP,OKC,1610612740.0,1610612760.0,104.0,109.0
275,2019-11-29,0021900276,LAC,SAS,1610612746.0,1610612759.0,97.0,107.0
276,2019-11-29,0021900277,DAL,PHX,1610612742.0,1610612756.0,120.0,113.0
277,2019-11-29,0021900278,CHI,POR,1610612741.0,1610612757.0,103.0,107.0
278,2019-11-29,0021900279,WAS,LAL,1610612764.0,1610612747.0,103.0,125.0
279,2019-11-30,0021900280,DEN,SAC,1610612743.0,1610612758.0,97.0,100.0
280,2019-11-30,0021900281,IND,PHI,1610612754.0,1610612755.0,116.0,119.0
281,2019-11-30,0021900282,ATL,HOU,1610612737.0,1610612745.0,111.0,158.0
282,2019-11-30,0021900283,CHA,MIL,1610612766.0,1610612749.0,96.0,137.0
283,2019-12-01,0021900284,MIA,BKN,1610612748.0,1610612751.0,109.0,106.0
284,2019-12-01,0021900285,BOS,NYK,1610612738.0,1610612752.0,113.0,104.0
285,2019-12-01,0021900286,MEM,MIN,1610612763.0,1610612750.0,115.0,107.0
286,2019-12-01,0021900287,DAL,LAL,1610612742.0,1610612747.0,114.0,100.0
287,2019-12-01,0021900288,SAS,DET,1610612759.0,1610612765.0,98.0,132.0
288,2019-12-01,0021900289,OKC,NOP,1610612760.0,1610612740.0,107.0,104.0
289,2019-12-01,0021900290,GSW,ORL,1610612744.0,1610612753.0,96.0,100.0
290,2019-12-01,0021900291,UTA,TOR,1610612762.0,1610612761.0,110.0,130.0
291,2019-12-01,0021900292,WAS,LAC,1610612764.0,1610612746.0,125.0,150.0
292,2019-12-02,0021900293,PHX,CHA,1610612756.0,1610612766.0,109.0,104.0
293,2019-12-02,0021900294,UTA,PHI,1610612762.0,1610612755.0,94.0,103.0
294,2019-12-02,0021900295,GSW,ATL,1610612744.0,1610612737.0,79.0,104.0
295,2019-12-02,0021900296,IND,MEM,1610612754.0,1610612763.0,117.0,104.0
296,2019-12-02,0021900297,NYK,MIL,1610612752.0,1610612749.0,88.0,132.0
297,2019-12-02,0021900298,CHI,SAC,1610612741.0,1610612758.0,113.0,106.0
298,2019-12-03,0021900299,DET,CLE,1610612765.0,1610612739.0,127.0,94.0
299,2019-12-03,0021900300,ORL,WAS,1610612753.0,1610612764.0,127.0,120.0
300,2019-12-03,0021900301,MIA,TOR,1610612748.0,1610612761.0,121.0,110.0
301,2019-12-03,0021900302,DAL,NOP,1610612742.0,1610612740.0,118.0,97.0
302,2019-12-03,0021900303,HOU,SAS,1610612745.0,1610612759.0,133.0,135.0
303,2019-12-03,0021900304,LAL,DEN,1610612747.0,1610612743.0,105.0,96.0
304,2019-12-03,0021900305,POR,LAC,1610612757.0,1610612746.0,97.0,117.0
305,2019-12-04,0021900306,GSW,CHA,1610612744.0,1610612766.0,91.0,106.0
306,2019-12-04,0021900307,MIL,DET,1610612749.0,1610612765.0,127.0,103.0
307,2019-12-04,0021900308,PHX,ORL,1610612756.0,1610612753.0,114.0,128.0
308,2019-12-04,0021900309,BKN,ATL,1610612751.0,1610612737.0,130.0,118.0
309,2019-12-04,0021900310,MIA,BOS,1610612748.0,1610612738.0,93.0,112.0
310,2019-12-04,0021900311,MEM,CHI,1610612763.0,1610612741.0,99.0,106.0
311,2019-12-04,0021900312,IND,OKC,1610612754.0,1610612760.0,107.0,100.0
312,2019-12-04,0021900313,MIN,DAL,1610612750.0,1610612742.0,114.0,121.0
313,2019-12-04,0021900314,LAL,UTA,1610612747.0,1610612762.0,121.0,96.0
314,2019-12-04,0021900315,SAC,POR,1610612758.0,1610612757.0,116.0,127.0
315,2019-12-05,0021900316,PHI,WAS,1610612755.0,1610612764.0,113.0,119.0
316,2019-12-05,0021900317,DEN,NYK,1610612743.0,1610612752.0,129.0,92.0
317,2019-12-05,0021900318,HOU,TOR,1610612745.0,1610612761.0,119.0,109.0
318,2019-12-05,0021900319,PHX,NOP,1610612756.0,1610612740.0,139.0,132.0
319,2019-12-06,0021900320,BKN,CHA,1610612751.0,1610612766.0,111.0,104.0
320,2019-12-06,0021900321,ORL,CLE,1610612753.0,1610612739.0,93.0,87.0
321,2019-12-06,0021900322,IND,DET,1610612754.0,1610612765.0,101.0,108.0
322,2019-12-06,0021900323,DEN,BOS,1610612743.0,1610612738.0,95.0,108.0
323,2019-12-06,0021900324,WAS,MIA,1610612764.0,1610612748.0,103.0,112.0
324,2019-12-06,0021900325,GSW,CHI,1610612744.0,1610612741.0,100.0,98.0
325,2019-12-06,0021900326,MIN,OKC,1610612750.0,1610612760.0,127.0,139.0
326,2019-12-06,0021900327,LAC,MIL,1610612746.0,1610612749.0,91.0,119.0
327,2019-12-06,0021900328,SAC,SAS,1610612758.0,1610612759.0,104.0,105.0
328,2019-12-06,0021900329,LAL,POR,1610612747.0,1610612757.0,136.0,113.0
329,2019-12-07,0021900330,NOP,DAL,1610612740.0,1610612742.0,84.0,130.0
330,2019-12-07,0021900331,IND,NYK,1610612754.0,1610612752.0,104.0,103.0
331,2019-12-07,0021900332,CLE,PHI,1610612739.0,1610612755.0,94.0,141.0
332,2019-12-07,0021900333,PHX,HOU,1610612756.0,1610612745.0,109.0,115.0
333,2019-12-07,0021900334,MEM,UTA,1610612763.0,1610612762.0,112.0,126.0
334,2019-12-08,0021900335,DEN,BKN,1610612743.0,1610612751.0,102.0,105.0
335,2019-12-08,0021900336,ATL,CHA,1610612737.0,1610612766.0,122.0,107.0
336,2019-12-08,0021900337,CHI,MIA,1610612741.0,1610612748.0,105.0,110.0
337,2019-12-08,0021900338,TOR,PHI,1610612761.0,1610612755.0,104.0,110.0
338,2019-12-08,0021900339,LAC,WAS,1610612746.0,1610612764.0,135.0,119.0
339,2019-12-08,0021900340,SAC,DAL,1610612758.0,1610612742.0,110.0,106.0
340,2019-12-08,0021900341,OKC,POR,1610612760.0,1610612757.0,108.0,96.0
341,2019-12-08,0021900342,MIN,LAL,1610612750.0,1610612747.0,125.0,142.0
342,2019-12-09,0021900343,LAC,IND,1610612746.0,1610612754.0,110.0,99.0
343,2019-12-09,0021900344,CLE,BOS,1610612739.0,1610612738.0,88.0,110.0
344,2019-12-09,0021900345,TOR,CHI,1610612761.0,1610612741.0,93.0,92.0
345,2019-12-09,0021900346,SAC,HOU,1610612758.0,1610612745.0,119.0,118.0
346,2019-12-09,0021900347,ORL,MIL,1610612753.0,1610612749.0,101.0,110.0
347,2019-12-09,0021900348,DET,NOP,1610612765.0,1610612740.0,105.0,103.0
348,2019-12-09,0021900349,MIN,PHX,1610612750.0,1610612756.0,109.0,125.0
349,2019-12-09,0021900350,OKC,UTA,1610612760.0,1610612762.0,104.0,90.0
350,2019-12-09,0021900351,MEM,GSW,1610612763.0,1610612744.0,110.0,102.0
351,2019-12-10,0021900352,WAS,CHA,1610612764.0,1610612766.0,107.0,114.0
352,2019-12-10,0021900353,DEN,PHI,1610612743.0,1610612755.0,92.0,97.0
353,2019-12-10,0021900354,ATL,MIA,1610612737.0,1610612748.0,121.0,135.0
354,2019-12-10,0021900355,NYK,POR,1610612752.0,1610612757.0,87.0,115.0
355,2019-12-11,0021900356,HOU,CLE,1610612745.0,1610612739.0,116.0,110.0
356,2019-12-11,0021900357,BOS,IND,1610612738.0,1610612754.0,117.0,122.0
357,2019-12-11,0021900358,LAL,ORL,1610612747.0,1610612753.0,96.0,87.0
358,2019-12-11,0021900359,LAC,TOR,1610612746.0,1610612761.0,112.0,92.0
359,2019-12-11,0021900360,CHA,BKN,1610612766.0,1610612751.0,113.0,108.0
360,2019-12-11,0021900361,ATL,CHI,1610612737.0,1610612741.0,102.0,136.0
361,2019-12-11,0021900362,UTA,MIN,1610612762.0,1610612750.0,127.0,116.0
362,2019-12-11,0021900363,MEM,PHX,1610612763.0,1610612756.0,115.0,108.0
363,2019-12-11,0021900364,NOP,MIL,1610612740.0,1610612749.0,112.0,127.0
364,2019-12-11,0021900365,OKC,SAC,1610612760.0,1610612758.0,93.0,94.0
365,2019-12-11,0021900366,NYK,GSW,1610612752.0,1610612744.0,124.0,122.0
366,2019-12-12,0021900367,PHI,BOS,1610612755.0,1610612738.0,115.0,109.0
367,2019-12-12,0021900368,CLE,SAS,1610612739.0,1610612759.0,117.0,109.0
368,2019-12-12,0021900369,DAL,DET,1610612742.0,1610612765.0,122.0,111.0
369,2019-12-12,0021900370,POR,DEN,1610612757.0,1610612743.0,99.0,114.0
370,2019-12-13,0021900371,HOU,ORL,1610612745.0,1610612753.0,130.0,107.0
371,2019-12-13,0021900372,NOP,PHI,1610612740.0,1610612755.0,109.0,116.0
372,2019-12-13,0021900374,LAL,MIA,1610612747.0,1610612748.0,113.0,110.0
373,2019-12-13,0021900373,IND,ATL,1610612754.0,1610612737.0,110.0,100.0
374,2019-12-13,0021900375,CHA,CHI,1610612766.0,1610612741.0,83.0,73.0
375,2019-12-13,0021900376,MIL,MEM,1610612749.0,1610612763.0,127.0,114.0
376,2019-12-13,0021900379,GSW,UTA,1610612744.0,1610612762.0,106.0,114.0
377,2019-12-13,0021900377,LAC,MIN,1610612746.0,1610612750.0,124.0,117.0
378,2019-12-13,0021900378,NYK,SAC,1610612752.0,1610612758.0,103.0,101.0
379,2019-12-14,0021900380,SAS,PHX,1610612759.0,1610612756.0,121.0,119.0
380,2019-12-14,0021900381,BKN,TOR,1610612751.0,1610612761.0,102.0,110.0
381,2019-12-14,0021900382,LAC,CHI,1610612746.0,1610612741.0,106.0,109.0
382,2019-12-14,0021900383,WAS,MEM,1610612764.0,1610612763.0,111.0,128.0
383,2019-12-14,0021900384,MIA,DAL,1610612748.0,1610612742.0,122.0,118.0
384,2019-12-14,0021900385,CLE,MIL,1610612739.0,1610612749.0,108.0,125.0
385,2019-12-14,0021900386,DET,HOU,1610612765.0,1610612745.0,115.0,107.0
386,2019-12-14,0021900387,OKC,DEN,1610612760.0,1610612743.0,102.0,110.0
387,2019-12-15,0021900388,ORL,NOP,1610612753.0,1610612740.0,130.0,119.0
388,2019-12-15,0021900389,CHA,IND,1610612766.0,1610612754.0,85.0,107.0
389,2019-12-15,0021900390,LAL,ATL,1610612747.0,1610612737.0,101.0,96.0
390,2019-12-15,0021900391,PHI,BKN,1610612755.0,1610612751.0,89.0,109.0
391,2019-12-15,0021900392,NYK,DEN,1610612752.0,1610612743.0,105.0,111.0
392,2019-12-15,0021900393,SAC,GSW,1610612758.0,1610612744.0,100.0,79.0
393,2019-12-16,0021900394,WAS,DET,1610612764.0,1610612765.0,133.0,119.0
394,2019-12-16,0021900395,CLE,TOR,1610612739.0,1610612761.0,113.0,133.0
395,2019-12-16,0021900396,SAS,HOU,1610612759.0,1610612745.0,107.0,109.0
396,2019-12-16,0021900397,MIA,MEM,1610612748.0,1610612763.0,111.0,118.0
397,2019-12-16,0021900398,DAL,MIL,1610612742.0,1610612749.0,120.0,116.0
398,2019-12-16,0021900399,CHI,OKC,1610612741.0,1610612760.0,106.0,109.0
399,2019-12-16,0021900400,POR,PHX,1610612757.0,1610612756.0,111.0,110.0
400,2019-12-17,0021900401,SAC,CHA,1610612758.0,1610612766.0,102.0,110.0
401,2019-12-17,0021900402,LAL,IND,1610612747.0,1610612754.0,102.0,105.0
402,2019-12-17,0021900403,ATL,NYK,1610612737.0,1610612752.0,120.0,143.0
403,2019-12-17,0021900404,BKN,NOP,1610612751.0,1610612740.0,108.0,101.0
404,2019-12-17,0021900405,ORL,UTA,1610612753.0,1610612762.0,102.0,109.0
405,2019-12-17,0021900406,PHX,LAC,1610612756.0,1610612746.0,99.0,120.0
406,2019-12-18,0021900407,CHA,CLE,1610612766.0,1610612739.0,98.0,100.0
407,2019-12-18,0021900408,TOR,DET,1610612761.0,1610612765.0,112.0,99.0
408,2019-12-18,0021900409,CHI,WAS,1610612741.0,1610612764.0,110.0,109.0
409,2019-12-18,0021900410,MIA,PHI,1610612748.0,1610612755.0,108.0,104.0
410,2019-12-18,0021900411,NOP,MIN,1610612740.0,1610612750.0,107.0,99.0
411,2019-12-18,0021900412,MEM,OKC,1610612763.0,1610612760.0,122.0,126.0
412,2019-12-18,0021900414,ORL,DEN,1610612753.0,1610612743.0,104.0,113.0
413,2019-12-18,0021900413,BOS,DAL,1610612738.0,1610612742.0,109.0,103.0
414,2019-12-18,0021900415,GSW,POR,1610612744.0,1610612757.0,112.0,122.0
415,2019-12-19,0021900416,UTA,ATL,1610612762.0,1610612737.0,111.0,106.0
416,2019-12-19,0021900417,LAL,MIL,1610612747.0,1610612749.0,104.0,111.0
417,2019-12-19,0021900418,BKN,SAS,1610612751.0,1610612759.0,105.0,118.0
418,2019-12-19,0021900419,HOU,LAC,1610612745.0,1610612746.0,122.0,117.0
419,2019-12-20,0021900420,MEM,CLE,1610612763.0,1610612739.0,107.0,114.0
420,2019-12-20,0021900421,SAC,IND,1610612758.0,1610612754.0,105.0,119.0
421,2019-12-20,0021900422,DET,BOS,1610612765.0,1610612738.0,93.0,114.0
422,2019-12-20,0021900423,WAS,TOR,1610612764.0,1610612761.0,118.0,122.0
423,2019-12-20,0021900424,NYK,MIA,1610612752.0,1610612748.0,114.0,129.0
424,2019-12-20,0021900425,DAL,PHI,1610612742.0,1610612755.0,117.0,98.0
425,2019-12-20,0021900426,PHX,OKC,1610612756.0,1610612760.0,108.0,126.0
426,2019-12-20,0021900427,MIN,DEN,1610612750.0,1610612743.0,100.0,109.0
427,2019-12-20,0021900428,ORL,POR,1610612753.0,1610612757.0,103.0,118.0
428,2019-12-20,0021900429,NOP,GSW,1610612740.0,1610612744.0,102.0,106.0
429,2019-12-21,0021900430,UTA,CHA,1610612762.0,1610612766.0,114.0,107.0
430,2019-12-21,0021900431,ATL,BKN,1610612737.0,1610612751.0,112.0,122.0
431,2019-12-21,0021900432,CHI,DET,1610612741.0,1610612765.0,119.0,107.0
432,2019-12-21,0021900433,WAS,PHI,1610612764.0,1610612755.0,108.0,125.0
433,2019-12-21,0021900434,MIL,NYK,1610612749.0,1610612752.0,123.0,102.0
434,2019-12-21,0021900435,SAC,MEM,1610612758.0,1610612763.0,115.0,119.0
435,2019-12-21,0021900436,LAC,SAS,1610612746.0,1610612759.0,134.0,109.0
436,2019-12-21,0021900437,HOU,PHX,1610612745.0,1610612756.0,139.0,125.0
437,2019-12-21,0021900438,MIN,POR,1610612750.0,1610612757.0,106.0,113.0
438,2019-12-22,0021900439,DAL,TOR,1610612742.0,1610612761.0,107.0,110.0
439,2019-12-22,0021900440,CHA,BOS,1610612766.0,1610612738.0,93.0,119.0
440,2019-12-22,0021900441,IND,MIL,1610612754.0,1610612749.0,89.0,117.0
441,2019-12-22,0021900442,LAC,OKC,1610612746.0,1610612760.0,112.0,118.0
442,2019-12-22,0021900443,DEN,LAL,1610612743.0,1610612747.0,128.0,104.0
443,2019-12-23,0021900444,ATL,CLE,1610612737.0,1610612739.0,118.0,121.0
444,2019-12-23,0021900445,PHI,DET,1610612755.0,1610612765.0,125.0,109.0
445,2019-12-23,0021900446,TOR,IND,1610612761.0,1610612754.0,115.0,120.0
446,2019-12-23,0021900447,WAS,NYK,1610612764.0,1610612752.0,121.0,115.0
447,2019-12-23,0021900448,CHI,ORL,1610612741.0,1610612753.0,95.0,103.0
448,2019-12-23,0021900449,UTA,MIA,1610612762.0,1610612748.0,104.0,107.0
449,2019-12-23,0021900450,SAS,MEM,1610612759.0,1610612763.0,145.0,115.0
450,2019-12-23,0021900451,DEN,PHX,1610612743.0,1610612756.0,113.0,111.0
451,2019-12-23,0021900452,NOP,POR,1610612740.0,1610612757.0,102.0,94.0
452,2019-12-23,0021900453,HOU,SAC,1610612745.0,1610612758.0,113.0,104.0
453,2019-12-23,0021900454,MIN,GSW,1610612750.0,1610612744.0,104.0,113.0
454,2019-12-25,0021900455,BOS,TOR,1610612738.0,1610612761.0,118.0,102.0
455,2019-12-25,0021900456,MIL,PHI,1610612749.0,1610612755.0,109.0,121.0
456,2019-12-25,0021900457,HOU,GSW,1610612745.0,1610612744.0,104.0,116.0
457,2019-12-25,0021900458,LAC,LAL,1610612746.0,1610612747.0,111.0,106.0
458,2019-12-25,0021900459,NOP,DEN,1610612740.0,1610612743.0,112.0,100.0
459,2019-12-26,0021900460,WAS,DET,1610612764.0,1610612765.0,102.0,132.0
460,2019-12-26,0021900461,NYK,BKN,1610612752.0,1610612751.0,94.0,82.0
461,2019-12-26,0021900462,MEM,OKC,1610612763.0,1610612760.0,110.0,97.0
462,2019-12-26,0021900463,SAS,DAL,1610612759.0,1610612742.0,98.0,102.0
463,2019-12-26,0021900464,MIN,SAC,1610612750.0,1610612758.0,105.0,104.0
464,2019-12-26,0021900465,POR,UTA,1610612757.0,1610612762.0,115.0,121.0
465,2019-12-27,0021900466,CLE,BOS,1610612739.0,1610612738.0,117.0,129.0
466,2019-12-27,0021900467,OKC,CHA,1610612760.0,1610612766.0,104.0,102.0
467,2019-12-27,0021900468,PHI,ORL,1610612755.0,1610612753.0,97.0,98.0
468,2019-12-27,0021900469,MIL,ATL,1610612749.0,1610612737.0,112.0,86.0
469,2019-12-27,0021900470,IND,MIA,1610612754.0,1610612748.0,112.0,113.0
470,2019-12-27,0021900471,PHX,GSW,1610612756.0,1610612744.0,96.0,105.0
471,2019-12-28,0021900472,MEM,DEN,1610612763.0,1610612743.0,110.0,119.0
472,2019-12-28,0021900473,TOR,BOS,1610612761.0,1610612738.0,113.0,97.0
473,2019-12-28,0021900474,IND,NOP,1610612754.0,1610612740.0,98.0,120.0
474,2019-12-28,0021900475,PHI,MIA,1610612755.0,1610612748.0,116.0,117.0
475,2019-12-28,0021900476,NYK,WAS,1610612752.0,1610612764.0,107.0,100.0
476,2019-12-28,0021900477,ATL,CHI,1610612737.0,1610612741.0,81.0,116.0
477,2019-12-28,0021900478,BKN,HOU,1610612751.0,1610612745.0,98.0,108.0
478,2019-12-28,0021900479,CLE,MIN,1610612739.0,1610612750.0,94.0,88.0
479,2019-12-28,0021900480,ORL,MIL,1610612753.0,1610612749.0,100.0,111.0
480,2019-12-28,0021900481,DET,SAS,1610612765.0,1610612759.0,109.0,136.0
481,2019-12-28,0021900482,DAL,GSW,1610612742.0,1610612744.0,141.0,121.0
482,2019-12-28,0021900483,PHX,SAC,1610612756.0,1610612758.0,112.0,110.0
483,2019-12-28,0021900484,LAL,POR,1610612747.0,1610612757.0,128.0,120.0
484,2019-12-28,0021900485,UTA,LAC,1610612762.0,1610612746.0,120.0,107.0
485,2019-12-29,0021900486,OKC,TOR,1610612760.0,1610612761.0,98.0,97.0
486,2019-12-29,0021900487,CHA,MEM,1610612766.0,1610612763.0,104.0,117.0
487,2019-12-29,0021900488,HOU,NOP,1610612745.0,1610612740.0,112.0,127.0
488,2019-12-29,0021900489,SAC,DEN,1610612758.0,1610612743.0,115.0,120.0
489,2019-12-29,0021900490,DAL,LAL,1610612742.0,1610612747.0,95.0,108.0
490,2019-12-30,0021900491,ATL,ORL,1610612737.0,1610612753.0,101.0,93.0
491,2019-12-30,0021900492,MIA,WAS,1610612748.0,1610612764.0,105.0,123.0
492,2019-12-30,0021900493,MIL,CHI,1610612749.0,1610612741.0,123.0,102.0
493,2019-12-30,0021900494,BKN,MIN,1610612751.0,1610612750.0,115.0,122.0
494,2019-12-30,0021900495,DET,UTA,1610612765.0,1610612762.0,81.0,104.0
495,2019-12-30,0021900496,PHX,POR,1610612756.0,1610612757.0,122.0,116.0
496,2019-12-31,0021900497,BOS,CHA,1610612738.0,1610612766.0,109.0,92.0
497,2019-12-31,0021900498,PHI,IND,1610612755.0,1610612754.0,97.0,115.0
498,2019-12-31,0021900499,LAC,SAC,1610612746.0,1610612758.0,105.0,87.0
499,2019-12-31,0021900500,CLE,TOR,1610612739.0,1610612761.0,97.0,117.0
500,2019-12-31,0021900501,DEN,HOU,1610612743.0,1610612745.0,104.0,130.0
501,2019-12-31,0021900502,GSW,SAS,1610612744.0,1610612759.0,113.0,117.0
502,2019-12-31,0021900503,DAL,OKC,1610612742.0,1610612760.0,101.0,106.0
503,2020-01-02,0021900508,CHA,CLE,1610612766.0,1610612739.0,109.0,106.0
504,2020-01-02,0021900509,DEN,IND,1610612743.0,1610612754.0,124.0,116.0
505,2020-01-02,0021900510,TOR,MIA,1610612761.0,1610612748.0,76.0,84.0
506,2020-01-02,0021900511,UTA,CHI,1610612762.0,1610612741.0,102.0,98.0
507,2020-01-02,0021900512,GSW,MIN,1610612744.0,1610612750.0,84.0,99.0
508,2020-01-02,0021900513,BKN,DAL,1610612751.0,1610612742.0,111.0,123.0
509,2020-01-02,0021900514,OKC,SAS,1610612760.0,1610612759.0,109.0,103.0
510,2020-01-02,0021900515,MEM,SAC,1610612763.0,1610612758.0,123.0,128.0
511,2020-01-02,0021900516,DET,LAC,1610612765.0,1610612746.0,112.0,126.0
512,2020-01-03,0021900517,ATL,BOS,1610612737.0,1610612738.0,106.0,109.0
513,2020-01-03,0021900518,MIA,ORL,1610612748.0,1610612753.0,85.0,105.0
514,2020-01-03,0021900519,POR,WAS,1610612757.0,1610612764.0,122.0,103.0
515,2020-01-03,0021900520,PHI,HOU,1610612755.0,1610612745.0,108.0,118.0
516,2020-01-03,0021900521,NYK,PHX,1610612752.0,1610612756.0,112.0,120.0
517,2020-01-03,0021900522,NOP,LAL,1610612740.0,1610612747.0,113.0,123.0
518,2020-01-04,0021900523,MEM,LAC,1610612763.0,1610612746.0,140.0,114.0
519,2020-01-04,0021900524,TOR,BKN,1610612761.0,1610612751.0,121.0,102.0
520,2020-01-04,0021900525,UTA,ORL,1610612762.0,1610612753.0,109.0,96.0
521,2020-01-04,0021900526,IND,ATL,1610612754.0,1610612737.0,111.0,116.0
522,2020-01-04,0021900527,OKC,CLE,1610612760.0,1610612739.0,121.0,106.0
523,2020-01-04,0021900528,DEN,WAS,1610612743.0,1610612764.0,114.0,128.0
524,2020-01-04,0021900529,BOS,CHI,1610612738.0,1610612741.0,111.0,104.0
525,2020-01-04,0021900530,CHA,DAL,1610612766.0,1610612742.0,123.0,120.0
526,2020-01-04,0021900531,SAS,MIL,1610612759.0,1610612749.0,118.0,127.0
527,2020-01-04,0021900532,DET,GSW,1610612765.0,1610612744.0,111.0,104.0
528,2020-01-04,0021900533,NOP,SAC,1610612740.0,1610612758.0,117.0,115.0
529,2020-01-05,0021900534,NYK,LAC,1610612752.0,1610612746.0,132.0,135.0
530,2020-01-05,0021900535,POR,MIA,1610612757.0,1610612748.0,111.0,122.0
531,2020-01-05,0021900536,MIN,CLE,1610612750.0,1610612739.0,118.0,103.0
532,2020-01-05,0021900537,MEM,PHX,1610612763.0,1610612756.0,121.0,114.0
533,2020-01-05,0021900538,DET,LAL,1610612765.0,1610612747.0,99.0,106.0
534,2020-01-06,0021900539,IND,CHA,1610612754.0,1610612766.0,115.0,104.0
535,2020-01-06,0021900540,BKN,ORL,1610612751.0,1610612753.0,89.0,101.0
536,2020-01-06,0021900541,OKC,PHI,1610612760.0,1610612755.0,113.0,120.0
537,2020-01-06,0021900542,BOS,WAS,1610612738.0,1610612764.0,94.0,99.0
538,2020-01-06,0021900543,DEN,ATL,1610612743.0,1610612737.0,123.0,115.0
539,2020-01-06,0021900544,UTA,NOP,1610612762.0,1610612740.0,128.0,126.0
540,2020-01-06,0021900545,CHI,DAL,1610612741.0,1610612742.0,110.0,118.0
541,2020-01-06,0021900546,MIL,SAS,1610612749.0,1610612759.0,104.0,126.0
542,2020-01-06,0021900547,GSW,SAC,1610612744.0,1610612758.0,98.0,111.0
543,2020-01-07,0021900548,DET,CLE,1610612765.0,1610612739.0,115.0,113.0
544,2020-01-07,0021900549,POR,TOR,1610612757.0,1610612761.0,101.0,99.0
545,2020-01-07,0021900550,OKC,BKN,1610612760.0,1610612751.0,111.0,103.0
546,2020-01-07,0021900551,MIN,MEM,1610612750.0,1610612763.0,112.0,119.0
547,2020-01-07,0021900552,SAC,PHX,1610612758.0,1610612756.0,114.0,103.0
548,2020-01-07,0021900553,NYK,LAL,1610612752.0,1610612747.0,87.0,117.0
549,2020-01-08,0021900554,SAS,BOS,1610612759.0,1610612738.0,129.0,114.0
550,2020-01-08,0021900555,TOR,CHA,1610612761.0,1610612766.0,112.0,110.0
551,2020-01-08,0021900556,MIA,IND,1610612748.0,1610612754.0,122.0,108.0
552,2020-01-08,0021900557,WAS,ORL,1610612764.0,1610612753.0,89.0,123.0
553,2020-01-08,0021900558,HOU,ATL,1610612745.0,1610612737.0,122.0,115.0
554,2020-01-08,0021900559,DEN,DAL,1610612743.0,1610612742.0,107.0,106.0
555,2020-01-08,0021900560,CHI,NOP,1610612741.0,1610612740.0,108.0,123.0
556,2020-01-08,0021900561,NYK,UTA,1610612752.0,1610612762.0,104.0,128.0
557,2020-01-08,0021900562,MIL,GSW,1610612749.0,1610612744.0,107.0,98.0
558,2020-01-09,0021900563,CLE,DET,1610612739.0,1610612765.0,115.0,112.0
559,2020-01-09,0021900564,BOS,PHI,1610612738.0,1610612755.0,98.0,109.0
560,2020-01-09,0021900565,POR,MIN,1610612757.0,1610612750.0,102.0,116.0
561,2020-01-09,0021900566,HOU,OKC,1610612745.0,1610612760.0,92.0,113.0
562,2020-01-10,0021900567,ATL,WAS,1610612737.0,1610612764.0,101.0,111.0
563,2020-01-10,0021900569,NOP,NYK,1610612740.0,1610612752.0,123.0,111.0
564,2020-01-10,0021900568,MIA,BKN,1610612748.0,1610612751.0,113.0,117.0
565,2020-01-10,0021900570,IND,CHI,1610612754.0,1610612741.0,116.0,105.0
566,2020-01-10,0021900571,SAS,MEM,1610612759.0,1610612763.0,121.0,134.0
567,2020-01-10,0021900573,ORL,PHX,1610612753.0,1610612756.0,94.0,98.0
568,2020-01-10,0021900574,CHA,UTA,1610612766.0,1610612762.0,92.0,109.0
569,2020-01-10,0021900572,LAL,DAL,1610612747.0,1610612742.0,129.0,114.0
570,2020-01-10,0021900575,MIL,SAC,1610612749.0,1610612758.0,127.0,106.0
571,2020-01-10,0021900576,GSW,LAC,1610612744.0,1610612746.0,100.0,109.0
572,2020-01-11,0021900577,MIN,HOU,1610612750.0,1610612745.0,109.0,139.0
573,2020-01-11,0021900578,NOP,BOS,1610612740.0,1610612738.0,105.0,140.0
574,2020-01-11,0021900579,CHI,DET,1610612741.0,1610612765.0,108.0,99.0
575,2020-01-11,0021900580,LAL,OKC,1610612747.0,1610612760.0,125.0,110.0
576,2020-01-11,0021900581,PHI,DAL,1610612755.0,1610612742.0,91.0,109.0
577,2020-01-11,0021900582,CLE,DEN,1610612739.0,1610612743.0,111.0,103.0
578,2020-01-11,0021900583,MIL,POR,1610612749.0,1610612757.0,122.0,101.0
579,2020-01-12,0021900584,MIA,NYK,1610612748.0,1610612752.0,121.0,124.0
580,2020-01-12,0021900585,UTA,WAS,1610612762.0,1610612764.0,127.0,116.0
581,2020-01-12,0021900586,ATL,BKN,1610612737.0,1610612751.0,86.0,108.0
582,2020-01-12,0021900587,SAS,TOR,1610612759.0,1610612761.0,105.0,104.0
583,2020-01-12,0021900588,GSW,MEM,1610612744.0,1610612763.0,102.0,122.0
584,2020-01-12,0021900589,LAC,DEN,1610612746.0,1610612743.0,104.0,114.0
585,2020-01-12,0021900590,CHA,PHX,1610612766.0,1610612756.0,92.0,100.0
586,2020-01-13,0021900591,NOP,DET,1610612740.0,1610612765.0,117.0,110.0
587,2020-01-13,0021900592,PHI,IND,1610612755.0,1610612754.0,95.0,101.0
588,2020-01-13,0021900593,CHI,BOS,1610612741.0,1610612738.0,101.0,113.0
589,2020-01-13,0021900594,OKC,MIN,1610612760.0,1610612750.0,117.0,104.0
590,2020-01-13,0021900595,CHA,POR,1610612766.0,1610612757.0,112.0,115.0
591,2020-01-13,0021900596,ORL,SAC,1610612753.0,1610612758.0,114.0,112.0
592,2020-01-13,0021900597,CLE,LAL,1610612739.0,1610612747.0,99.0,128.0
593,2020-01-14,0021900598,PHX,ATL,1610612756.0,1610612737.0,110.0,123.0
594,2020-01-14,0021900599,UTA,BKN,1610612762.0,1610612751.0,118.0,107.0
595,2020-01-14,0021900600,HOU,MEM,1610612745.0,1610612763.0,110.0,121.0
596,2020-01-14,0021900601,NYK,MIL,1610612752.0,1610612749.0,102.0,128.0
597,2020-01-14,0021900602,DAL,GSW,1610612742.0,1610612744.0,124.0,97.0
598,2020-01-14,0021900603,CLE,LAC,1610612739.0,1610612746.0,103.0,128.0
599,2020-01-15,0021900604,DET,BOS,1610612765.0,1610612738.0,116.0,103.0
600,2020-01-15,0021900605,BKN,PHI,1610612751.0,1610612755.0,106.0,117.0
601,2020-01-15,0021900606,SAS,MIA,1610612759.0,1610612748.0,100.0,106.0
602,2020-01-15,0021900607,WAS,CHI,1610612764.0,1610612741.0,106.0,115.0
603,2020-01-15,0021900608,IND,MIN,1610612754.0,1610612750.0,104.0,99.0
604,2020-01-15,0021900609,TOR,OKC,1610612761.0,1610612760.0,130.0,121.0
605,2020-01-15,0021900610,CHA,DEN,1610612766.0,1610612743.0,86.0,100.0
606,2020-01-15,0021900611,POR,HOU,1610612757.0,1610612745.0,117.0,107.0
607,2020-01-15,0021900612,DAL,SAC,1610612742.0,1610612758.0,127.0,123.0
608,2020-01-15,0021900613,ORL,LAL,1610612753.0,1610612747.0,119.0,118.0
609,2020-01-16,0021900614,PHX,NYK,1610612756.0,1610612752.0,121.0,98.0
610,2020-01-16,0021900615,BOS,MIL,1610612738.0,1610612749.0,123.0,128.0
611,2020-01-16,0021900616,UTA,NOP,1610612762.0,1610612740.0,132.0,138.0
612,2020-01-16,0021900617,DEN,GSW,1610612743.0,1610612744.0,134.0,131.0
613,2020-01-16,0021900618,ORL,LAC,1610612753.0,1610612746.0,95.0,122.0
614,2020-01-17,0021900619,MIN,IND,1610612750.0,1610612754.0,114.0,116.0
615,2020-01-17,0021900620,CHI,PHI,1610612741.0,1610612755.0,89.0,100.0
616,2020-01-17,0021900621,WAS,TOR,1610612764.0,1610612761.0,111.0,140.0
617,2020-01-17,0021900622,CLE,MEM,1610612739.0,1610612763.0,109.0,113.0
618,2020-01-17,0021900623,MIA,OKC,1610612748.0,1610612760.0,115.0,108.0
619,2020-01-17,0021900624,ATL,SAS,1610612737.0,1610612759.0,121.0,120.0
620,2020-01-17,0021900625,POR,DAL,1610612757.0,1610612742.0,112.0,120.0
621,2020-01-18,0021900626,LAC,NOP,1610612746.0,1610612740.0,133.0,130.0
622,2020-01-18,0021900627,MIL,BKN,1610612749.0,1610612751.0,117.0,97.0
623,2020-01-18,0021900628,PHX,BOS,1610612756.0,1610612738.0,123.0,119.0
624,2020-01-18,0021900629,DET,ATL,1610612765.0,1610612737.0,136.0,103.0
625,2020-01-18,0021900630,PHI,NYK,1610612755.0,1610612752.0,90.0,87.0
626,2020-01-18,0021900631,CLE,CHI,1610612739.0,1610612741.0,116.0,118.0
627,2020-01-18,0021900632,TOR,MIN,1610612761.0,1610612750.0,122.0,112.0
628,2020-01-18,0021900633,LAL,HOU,1610612747.0,1610612745.0,124.0,115.0
629,2020-01-18,0021900634,ORL,GSW,1610612753.0,1610612744.0,95.0,109.0
630,2020-01-18,0021900635,POR,OKC,1610612757.0,1610612760.0,106.0,119.0
631,2020-01-18,0021900636,SAC,UTA,1610612758.0,1610612762.0,101.0,123.0
632,2020-01-19,0021900637,MIA,SAS,1610612748.0,1610612759.0,102.0,107.0
633,2020-01-19,0021900638,IND,DEN,1610612754.0,1610612743.0,115.0,107.0
634,2020-01-20,0021900639,DET,WAS,1610612765.0,1610612764.0,100.0,106.0
635,2020-01-20,0021900640,TOR,ATL,1610612761.0,1610612737.0,122.0,117.0
636,2020-01-20,0021900641,PHI,BKN,1610612755.0,1610612751.0,117.0,111.0
637,2020-01-20,0021900642,ORL,CHA,1610612753.0,1610612766.0,106.0,83.0
638,2020-01-20,0021900643,NYK,CLE,1610612752.0,1610612739.0,106.0,86.0
639,2020-01-20,0021900644,SAC,MIA,1610612758.0,1610612748.0,113.0,118.0
640,2020-01-20,0021900645,OKC,HOU,1610612760.0,1610612745.0,112.0,107.0
641,2020-01-20,0021900646,NOP,MEM,1610612740.0,1610612763.0,126.0,116.0
642,2020-01-20,0021900647,CHI,MIL,1610612741.0,1610612749.0,98.0,111.0
643,2020-01-20,0021900648,LAL,BOS,1610612747.0,1610612738.0,107.0,139.0
644,2020-01-20,0021900649,DEN,MIN,1610612743.0,1610612750.0,107.0,100.0
645,2020-01-20,0021900650,SAS,PHX,1610612759.0,1610612756.0,120.0,118.0
646,2020-01-20,0021900651,IND,UTA,1610612754.0,1610612762.0,88.0,118.0
647,2020-01-20,0021900652,GSW,POR,1610612744.0,1610612757.0,124.0,129.0
648,2020-01-21,0021900653,LAC,DAL,1610612746.0,1610612742.0,110.0,107.0
649,2020-01-22,0021900654,SAC,DET,1610612758.0,1610612765.0,106.0,127.0
650,2020-01-22,0021900655,OKC,ORL,1610612760.0,1610612753.0,120.0,114.0
651,2020-01-22,0021900660,PHI,TOR,1610612755.0,1610612761.0,95.0,107.0
652,2020-01-22,0021900656,LAC,ATL,1610612746.0,1610612737.0,95.0,102.0
653,2020-01-22,0021900657,MEM,BOS,1610612763.0,1610612738.0,95.0,119.0
654,2020-01-22,0021900658,WAS,MIA,1610612764.0,1610612748.0,129.0,134.0
655,2020-01-22,0021900659,LAL,NYK,1610612747.0,1610612752.0,100.0,92.0
656,2020-01-22,0021900661,MIN,CHI,1610612750.0,1610612741.0,110.0,117.0
657,2020-01-22,0021900662,DEN,HOU,1610612743.0,1610612745.0,105.0,121.0
658,2020-01-22,0021900664,IND,PHX,1610612754.0,1610612756.0,112.0,87.0
659,2020-01-22,0021900663,SAS,NOP,1610612759.0,1610612740.0,121.0,117.0
660,2020-01-22,0021900665,UTA,GSW,1610612762.0,1610612744.0,129.0,96.0
661,2020-01-23,0021900666,WAS,CLE,1610612764.0,1610612739.0,124.0,112.0
662,2020-01-23,0021900667,LAL,BKN,1610612747.0,1610612751.0,128.0,113.0
663,2020-01-23,0021900668,DAL,POR,1610612742.0,1610612757.0,133.0,125.0
664,2020-01-24,0021900669,MIL,CHA,1610612749.0,1610612766.0,116.0,103.0
665,2020-01-24,0021900670,MEM,DET,1610612763.0,1610612765.0,125.0,112.0
666,2020-01-24,0021900671,BOS,ORL,1610612738.0,1610612753.0,109.0,98.0
667,2020-01-24,0021900672,TOR,NYK,1610612761.0,1610612752.0,118.0,112.0
668,2020-01-24,0021900673,LAC,MIA,1610612746.0,1610612748.0,122.0,117.0
669,2020-01-24,0021900674,SAC,CHI,1610612758.0,1610612741.0,98.0,81.0
670,2020-01-24,0021900675,HOU,MIN,1610612745.0,1610612750.0,131.0,124.0
671,2020-01-24,0021900676,DEN,NOP,1610612743.0,1610612740.0,113.0,106.0
672,2020-01-24,0021900677,ATL,OKC,1610612737.0,1610612760.0,111.0,140.0
673,2020-01-24,0021900678,PHX,SAS,1610612756.0,1610612759.0,103.0,99.0
674,2020-01-24,0021900679,IND,GSW,1610612754.0,1610612744.0,129.0,118.0
675,2020-01-25,0021900680,DAL,UTA,1610612742.0,1610612762.0,107.0,112.0
676,2020-01-25,0021900681,BKN,DET,1610612751.0,1610612765.0,121.0,111.0
677,2020-01-25,0021900682,CHI,CLE,1610612741.0,1610612739.0,118.0,106.0
678,2020-01-25,0021900683,OKC,MIN,1610612760.0,1610612750.0,113.0,104.0
679,2020-01-25,0021900684,LAL,PHI,1610612747.0,1610612755.0,91.0,108.0
680,2020-01-26,0021900685,HOU,DEN,1610612745.0,1610612743.0,110.0,117.0
681,2020-01-26,0021900686,TOR,SAS,1610612761.0,1610612759.0,110.0,106.0
682,2020-01-26,0021900687,WAS,ATL,1610612764.0,1610612737.0,133.0,152.0
683,2020-01-26,0021900688,BKN,NYK,1610612751.0,1610612752.0,97.0,110.0
684,2020-01-26,0021900689,LAC,ORL,1610612746.0,1610612753.0,112.0,97.0
685,2020-01-26,0021900690,PHX,MEM,1610612756.0,1610612763.0,109.0,114.0
686,2020-01-26,0021900691,BOS,NOP,1610612738.0,1610612740.0,108.0,123.0
687,2020-01-26,0021900692,IND,POR,1610612754.0,1610612757.0,129.0,139.0
688,2020-01-27,0021900693,CLE,DET,1610612739.0,1610612765.0,115.0,100.0
689,2020-01-27,0021900694,ORL,MIA,1610612753.0,1610612748.0,92.0,113.0
690,2020-01-27,0021900695,SAS,CHI,1610612759.0,1610612741.0,109.0,110.0
691,2020-01-27,0021900696,SAC,MIN,1610612758.0,1610612750.0,133.0,129.0
692,2020-01-27,0021900697,DAL,OKC,1610612742.0,1610612760.0,107.0,97.0
693,2020-01-27,0021900698,HOU,UTA,1610612745.0,1610612762.0,126.0,117.0
694,2020-01-28,0021900699,NYK,CHA,1610612752.0,1610612766.0,92.0,97.0
695,2020-01-28,0021900702,GSW,PHI,1610612744.0,1610612755.0,104.0,115.0
696,2020-01-28,0021900700,NOP,CLE,1610612740.0,1610612739.0,125.0,111.0
697,2020-01-28,0021900703,ATL,TOR,1610612737.0,1610612761.0,114.0,130.0
698,2020-01-28,0021900701,BOS,MIA,1610612738.0,1610612748.0,109.0,101.0
699,2020-01-28,0021900704,DEN,MEM,1610612743.0,1610612763.0,96.0,104.0
700,2020-01-28,0021900705,WAS,MIL,1610612764.0,1610612749.0,131.0,151.0
701,2020-01-28,0021900706,PHX,DAL,1610612756.0,1610612742.0,133.0,104.0
702,2020-01-29,0021900708,CHI,IND,1610612741.0,1610612754.0,106.0,115.0
703,2020-01-29,0021900709,DET,BKN,1610612765.0,1610612751.0,115.0,125.0
704,2020-01-29,0021900710,MEM,NYK,1610612763.0,1610612752.0,127.0,106.0
705,2020-01-29,0021900711,UTA,SAS,1610612762.0,1610612759.0,120.0,127.0
706,2020-01-29,0021900712,HOU,POR,1610612745.0,1610612757.0,112.0,125.0
707,2020-01-29,0021900713,OKC,SAC,1610612760.0,1610612758.0,120.0,100.0
708,2020-01-30,0021900714,TOR,CLE,1610612761.0,1610612739.0,115.0,109.0
709,2020-01-30,0021900715,CHA,WAS,1610612766.0,1610612764.0,107.0,121.0
710,2020-01-30,0021900716,PHI,ATL,1610612755.0,1610612737.0,117.0,127.0
711,2020-01-30,0021900717,GSW,BOS,1610612744.0,1610612738.0,104.0,119.0
712,2020-01-30,0021900718,UTA,DEN,1610612762.0,1610612743.0,100.0,106.0
713,2020-01-30,0021900719,SAC,LAC,1610612758.0,1610612746.0,124.0,103.0
714,2020-01-31,0021900720,TOR,DET,1610612761.0,1610612765.0,105.0,92.0
715,2020-01-31,0021900721,CHI,BKN,1610612741.0,1610612751.0,118.0,133.0
716,2020-01-31,0021900722,DAL,HOU,1610612742.0,1610612745.0,121.0,128.0
717,2020-01-31,0021900723,MEM,NOP,1610612763.0,1610612740.0,111.0,139.0
718,2020-01-31,0021900724,DEN,MIL,1610612743.0,1610612749.0,127.0,115.0
719,2020-01-31,0021900725,OKC,PHX,1610612760.0,1610612756.0,111.0,107.0
720,2020-01-31,0021900726,POR,LAL,1610612757.0,1610612747.0,127.0,119.0
721,2020-02-01,0021900727,MIN,LAC,1610612750.0,1610612746.0,106.0,118.0
722,2020-02-01,0021900728,NYK,IND,1610612752.0,1610612754.0,92.0,85.0
723,2020-02-01,0021900729,MIA,ORL,1610612748.0,1610612753.0,102.0,89.0
724,2020-02-01,0021900730,GSW,CLE,1610612744.0,1610612739.0,131.0,112.0
725,2020-02-01,0021900731,BKN,WAS,1610612751.0,1610612764.0,107.0,113.0
726,2020-02-01,0021900732,PHI,BOS,1610612755.0,1610612738.0,95.0,116.0
727,2020-02-01,0021900733,ATL,DAL,1610612737.0,1610612742.0,100.0,123.0
728,2020-02-01,0021900734,CHA,SAS,1610612766.0,1610612759.0,90.0,114.0
729,2020-02-01,0021900736,LAL,SAC,1610612747.0,1610612758.0,129.0,113.0
730,2020-02-01,0021900735,UTA,POR,1610612762.0,1610612757.0,107.0,124.0
731,2020-02-02,0021900737,DEN,DET,1610612743.0,1610612765.0,123.0,128.0
732,2020-02-02,0021900738,NOP,HOU,1610612740.0,1610612745.0,109.0,117.0
733,2020-02-02,0021900739,PHX,MIL,1610612756.0,1610612749.0,108.0,129.0
734,2020-02-02,0021900740,CHI,TOR,1610612741.0,1610612761.0,102.0,129.0
735,2020-02-03,0021900741,ORL,CHA,1610612753.0,1610612766.0,112.0,100.0
736,2020-02-03,0021900742,NYK,CLE,1610612752.0,1610612739.0,139.0,134.0
737,2020-02-03,0021900743,DAL,IND,1610612742.0,1610612754.0,112.0,103.0
738,2020-02-03,0021900744,GSW,WAS,1610612744.0,1610612764.0,125.0,117.0
739,2020-02-03,0021900745,BOS,ATL,1610612738.0,1610612737.0,123.0,115.0
740,2020-02-03,0021900746,PHX,BKN,1610612756.0,1610612751.0,97.0,119.0
741,2020-02-03,0021900747,PHI,MIA,1610612755.0,1610612748.0,106.0,137.0
742,2020-02-03,0021900748,DET,MEM,1610612765.0,1610612763.0,82.0,96.0
743,2020-02-03,0021900749,MIN,SAC,1610612750.0,1610612758.0,109.0,113.0
744,2020-02-03,0021900750,SAS,LAC,1610612759.0,1610612746.0,105.0,108.0
745,2020-02-04,0021900751,MIL,NOP,1610612749.0,1610612740.0,120.0,108.0
746,2020-02-04,0021900752,CHA,HOU,1610612766.0,1610612745.0,110.0,125.0
747,2020-02-04,0021900753,POR,DEN,1610612757.0,1610612743.0,99.0,127.0
748,2020-02-04,0021900754,SAS,LAL,1610612759.0,1610612747.0,102.0,129.0
749,2020-02-05,0021900755,PHX,DET,1610612756.0,1610612765.0,108.0,116.0
750,2020-02-05,0021900756,ORL,BOS,1610612753.0,1610612738.0,100.0,116.0
751,2020-02-05,0021900757,GSW,BKN,1610612744.0,1610612751.0,88.0,129.0
752,2020-02-05,0021900758,IND,TOR,1610612754.0,1610612761.0,118.0,119.0
753,2020-02-05,0021900759,ATL,MIN,1610612737.0,1610612750.0,127.0,120.0
754,2020-02-05,0021900760,CLE,OKC,1610612739.0,1610612760.0,103.0,109.0
755,2020-02-05,0021900761,MEM,DAL,1610612763.0,1610612742.0,121.0,107.0
756,2020-02-05,0021900762,DEN,UTA,1610612743.0,1610612762.0,98.0,95.0
757,2020-02-05,0021900763,MIA,LAC,1610612748.0,1610612746.0,111.0,128.0
758,2020-02-06,0021900764,ORL,NYK,1610612753.0,1610612752.0,103.0,105.0
759,2020-02-06,0021900765,NOP,CHI,1610612740.0,1610612741.0,125.0,119.0
760,2020-02-06,0021900766,PHI,MIL,1610612755.0,1610612749.0,101.0,112.0
761,2020-02-06,0021900767,SAS,POR,1610612759.0,1610612757.0,117.0,125.0
762,2020-02-06,0021900768,HOU,LAL,1610612745.0,1610612747.0,121.0,111.0
763,2020-02-07,0021900769,MEM,PHI,1610612763.0,1610612755.0,107.0,119.0
764,2020-02-07,0021900770,DAL,WAS,1610612742.0,1610612764.0,118.0,119.0
765,2020-02-07,0021900771,ATL,BOS,1610612737.0,1610612738.0,107.0,112.0
766,2020-02-07,0021900772,TOR,IND,1610612761.0,1610612754.0,115.0,106.0
767,2020-02-07,0021900773,DET,OKC,1610612765.0,1610612760.0,101.0,108.0
768,2020-02-07,0021900774,HOU,PHX,1610612745.0,1610612756.0,91.0,127.0
769,2020-02-07,0021900775,MIA,SAC,1610612748.0,1610612758.0,97.0,105.0
770,2020-02-07,0021900776,POR,UTA,1610612757.0,1610612762.0,114.0,117.0
771,2020-02-08,0021900777,MIL,ORL,1610612749.0,1610612753.0,111.0,95.0
772,2020-02-08,0021900778,DAL,CHA,1610612742.0,1610612766.0,116.0,100.0
773,2020-02-08,0021900779,NYK,DET,1610612752.0,1610612765.0,95.0,92.0
774,2020-02-08,0021900780,NOP,IND,1610612740.0,1610612754.0,124.0,117.0
775,2020-02-08,0021900781,BKN,TOR,1610612751.0,1610612761.0,118.0,119.0
776,2020-02-08,0021900782,LAC,MIN,1610612746.0,1610612750.0,115.0,142.0
777,2020-02-08,0021900783,LAL,GSW,1610612747.0,1610612744.0,125.0,120.0
778,2020-02-08,0021900784,DEN,PHX,1610612743.0,1610612756.0,117.0,108.0
779,2020-02-08,0021900785,SAS,SAC,1610612759.0,1610612758.0,102.0,122.0
780,2020-02-09,0021900786,BOS,OKC,1610612738.0,1610612760.0,112.0,111.0
781,2020-02-09,0021900787,NYK,ATL,1610612752.0,1610612737.0,135.0,140.0
782,2020-02-09,0021900788,CHI,PHI,1610612741.0,1610612755.0,111.0,118.0
783,2020-02-09,0021900789,MEM,WAS,1610612763.0,1610612764.0,106.0,99.0
784,2020-02-09,0021900790,UTA,HOU,1610612762.0,1610612745.0,114.0,113.0
785,2020-02-09,0021900791,LAC,CLE,1610612746.0,1610612739.0,133.0,92.0
786,2020-02-09,0021900792,MIA,POR,1610612748.0,1610612757.0,109.0,115.0
787,2020-02-10,0021900793,CHA,DET,1610612766.0,1610612765.0,87.0,76.0
788,2020-02-10,0021900794,BKN,IND,1610612751.0,1610612754.0,106.0,105.0
789,2020-02-10,0021900795,ATL,ORL,1610612737.0,1610612753.0,126.0,135.0
790,2020-02-10,0021900796,MIN,TOR,1610612750.0,1610612761.0,126.0,137.0
791,2020-02-10,0021900797,SAC,MIL,1610612758.0,1610612749.0,111.0,123.0
792,2020-02-10,0021900798,UTA,DAL,1610612762.0,1610612742.0,123.0,119.0
793,2020-02-10,0021900799,SAS,DEN,1610612759.0,1610612743.0,120.0,127.0
794,2020-02-10,0021900800,MIA,GSW,1610612748.0,1610612744.0,113.0,101.0
795,2020-02-10,0021900801,PHX,LAL,1610612756.0,1610612747.0,100.0,125.0
796,2020-02-11,0021900802,LAC,PHI,1610612746.0,1610612755.0,103.0,110.0
797,2020-02-11,0021900803,CHI,WAS,1610612741.0,1610612764.0,114.0,126.0
798,2020-02-11,0021900804,POR,NOP,1610612757.0,1610612740.0,117.0,138.0
799,2020-02-11,0021900805,SAS,OKC,1610612759.0,1610612760.0,114.0,106.0
800,2020-02-11,0021900806,BOS,HOU,1610612738.0,1610612745.0,105.0,116.0
801,2020-02-12,0021900807,ATL,CLE,1610612737.0,1610612739.0,105.0,127.0
802,2020-02-12,0021900808,DET,ORL,1610612765.0,1610612753.0,112.0,116.0
803,2020-02-12,0021900809,TOR,BKN,1610612761.0,1610612751.0,91.0,101.0
804,2020-02-12,0021900810,MIL,IND,1610612749.0,1610612754.0,111.0,118.0
805,2020-02-12,0021900811,WAS,NYK,1610612764.0,1610612752.0,114.0,96.0
806,2020-02-12,0021900812,POR,MEM,1610612757.0,1610612763.0,104.0,111.0
807,2020-02-12,0021900813,CHA,MIN,1610612766.0,1610612750.0,115.0,108.0
808,2020-02-12,0021900814,SAC,DAL,1610612758.0,1610612742.0,111.0,130.0
809,2020-02-12,0021900815,GSW,PHX,1610612744.0,1610612756.0,106.0,112.0
810,2020-02-12,0021900816,MIA,UTA,1610612748.0,1610612762.0,101.0,116.0
811,2020-02-12,0021900817,LAL,DEN,1610612747.0,1610612743.0,120.0,116.0
812,2020-02-13,0021900818,LAC,BOS,1610612746.0,1610612738.0,133.0,141.0
813,2020-02-13,0021900819,OKC,NOP,1610612760.0,1610612740.0,123.0,118.0
814,2020-02-16,0031900001,LBN,GNS,1610616834.0,1610616833.0,157.0,155.0
815,2020-02-20,0021900820,MIL,DET,1610612749.0,1610612765.0,126.0,106.0
816,2020-02-20,0021900821,MIA,ATL,1610612748.0,1610612737.0,124.0,129.0
817,2020-02-20,0021900822,BKN,PHI,1610612751.0,1610612755.0,104.0,112.0
818,2020-02-20,0021900823,CHA,CHI,1610612766.0,1610612741.0,103.0,93.0
819,2020-02-20,0021900824,MEM,SAC,1610612763.0,1610612758.0,125.0,129.0
820,2020-02-20,0021900825,HOU,GSW,1610612745.0,1610612744.0,135.0,105.0
821,2020-02-21,0021900826,DAL,ORL,1610612742.0,1610612753.0,122.0,106.0
822,2020-02-21,0021900827,CLE,WAS,1610612739.0,1610612764.0,113.0,108.0
823,2020-02-21,0021900828,IND,NYK,1610612754.0,1610612752.0,106.0,98.0
824,2020-02-21,0021900829,PHX,TOR,1610612756.0,1610612761.0,101.0,118.0
825,2020-02-21,0021900830,BOS,MIN,1610612738.0,1610612750.0,127.0,117.0
826,2020-02-21,0021900831,DEN,OKC,1610612743.0,1610612760.0,101.0,113.0
827,2020-02-21,0021900832,SAS,UTA,1610612759.0,1610612762.0,113.0,104.0
828,2020-02-21,0021900833,MEM,LAL,1610612763.0,1610612747.0,105.0,117.0
829,2020-02-21,0021900834,NOP,POR,1610612740.0,1610612757.0,128.0,115.0
830,2020-02-22,0021900835,SAC,LAC,1610612758.0,1610612746.0,112.0,103.0
831,2020-02-22,0021900836,BKN,CHA,1610612751.0,1610612766.0,115.0,86.0
832,2020-02-22,0021900837,DAL,ATL,1610612742.0,1610612737.0,107.0,111.0
833,2020-02-22,0021900838,CLE,MIA,1610612739.0,1610612748.0,105.0,124.0
834,2020-02-22,0021900839,PHX,CHI,1610612756.0,1610612741.0,112.0,104.0
835,2020-02-22,0021900840,PHI,MIL,1610612755.0,1610612749.0,98.0,119.0
836,2020-02-22,0021900841,HOU,UTA,1610612745.0,1610612762.0,120.0,110.0
837,2020-02-23,0021900842,BOS,LAL,1610612738.0,1610612747.0,112.0,114.0
838,2020-02-23,0021900843,IND,TOR,1610612754.0,1610612761.0,81.0,127.0
839,2020-02-23,0021900844,MIN,DEN,1610612750.0,1610612743.0,116.0,128.0
840,2020-02-23,0021900845,WAS,CHI,1610612764.0,1610612741.0,117.0,126.0
841,2020-02-23,0021900846,SAS,OKC,1610612759.0,1610612760.0,103.0,131.0
842,2020-02-23,0021900847,NOP,GSW,1610612740.0,1610612744.0,115.0,101.0
843,2020-02-23,0021900848,DET,POR,1610612765.0,1610612757.0,104.0,107.0
844,2020-02-24,0021900849,MIA,CLE,1610612748.0,1610612739.0,119.0,125.0
845,2020-02-24,0021900850,ATL,PHI,1610612737.0,1610612755.0,112.0,129.0
846,2020-02-24,0021900851,MIL,WAS,1610612749.0,1610612764.0,137.0,134.0
847,2020-02-24,0021900852,ORL,BKN,1610612753.0,1610612751.0,115.0,113.0
848,2020-02-24,0021900853,NYK,HOU,1610612752.0,1610612745.0,112.0,123.0
849,2020-02-24,0021900854,MIN,DAL,1610612750.0,1610612742.0,123.0,139.0
850,2020-02-24,0021900855,PHX,UTA,1610612756.0,1610612762.0,131.0,111.0
851,2020-02-24,0021900856,MEM,LAC,1610612763.0,1610612746.0,97.0,124.0
852,2020-02-25,0021900857,CHA,IND,1610612766.0,1610612754.0,80.0,119.0
853,2020-02-25,0021900858,MIL,TOR,1610612749.0,1610612761.0,108.0,97.0
854,2020-02-25,0021900859,OKC,CHI,1610612760.0,1610612741.0,124.0,122.0
855,2020-02-25,0021900860,DET,DEN,1610612765.0,1610612743.0,98.0,115.0
856,2020-02-25,0021900861,NOP,LAL,1610612740.0,1610612747.0,109.0,118.0
857,2020-02-25,0021900862,BOS,POR,1610612738.0,1610612757.0,118.0,106.0
858,2020-02-25,0021900863,SAC,GSW,1610612758.0,1610612744.0,112.0,94.0
859,2020-02-26,0021900864,NYK,CHA,1610612752.0,1610612766.0,101.0,107.0
860,2020-02-26,0021900865,PHI,CLE,1610612755.0,1610612739.0,94.0,108.0
861,2020-02-26,0021900866,BKN,WAS,1610612751.0,1610612764.0,106.0,110.0
862,2020-02-26,0021900867,ORL,ATL,1610612753.0,1610612737.0,130.0,120.0
863,2020-02-26,0021900868,MIN,MIA,1610612750.0,1610612748.0,129.0,126.0
864,2020-02-26,0021900870,MEM,HOU,1610612763.0,1610612745.0,112.0,140.0
865,2020-02-26,0021900869,DAL,SAS,1610612742.0,1610612759.0,109.0,103.0
866,2020-02-26,0021900871,LAC,PHX,1610612746.0,1610612756.0,102.0,92.0
867,2020-02-26,0021900872,BOS,UTA,1610612738.0,1610612762.0,114.0,103.0
868,2020-02-27,0021900873,NYK,PHI,1610612752.0,1610612755.0,106.0,115.0
869,2020-02-27,0021900874,POR,IND,1610612757.0,1610612754.0,100.0,106.0
870,2020-02-27,0021900875,SAC,OKC,1610612758.0,1610612760.0,108.0,112.0
871,2020-02-27,0021900876,LAL,GSW,1610612747.0,1610612744.0,116.0,86.0
872,2020-02-28,0021900877,MIN,ORL,1610612750.0,1610612753.0,125.0,136.0
873,2020-02-28,0021900878,BKN,ATL,1610612751.0,1610612737.0,118.0,141.0
874,2020-02-28,0021900879,CHA,TOR,1610612766.0,1610612761.0,99.0,96.0
875,2020-02-28,0021900880,DAL,MIA,1610612742.0,1610612748.0,118.0,126.0
876,2020-02-28,0021900881,SAC,MEM,1610612758.0,1610612763.0,104.0,101.0
877,2020-02-28,0021900882,OKC,MIL,1610612760.0,1610612749.0,86.0,133.0
878,2020-02-28,0021900883,CLE,NOP,1610612739.0,1610612740.0,104.0,116.0
879,2020-02-28,0021900884,DET,PHX,1610612765.0,1610612756.0,113.0,111.0
880,2020-02-28,0021900885,WAS,UTA,1610612764.0,1610612762.0,119.0,129.0
881,2020-02-28,0021900886,DEN,LAC,1610612743.0,1610612746.0,103.0,132.0
882,2020-02-29,0021900887,CHI,NYK,1610612741.0,1610612752.0,115.0,125.0
883,2020-02-29,0021900888,POR,ATL,1610612757.0,1610612737.0,117.0,129.0
884,2020-02-29,0021900889,BKN,MIA,1610612751.0,1610612748.0,113.0,116.0
885,2020-02-29,0021900890,IND,CLE,1610612754.0,1610612739.0,113.0,104.0
886,2020-02-29,0021900891,LAL,MEM,1610612747.0,1610612763.0,88.0,105.0
887,2020-02-29,0021900892,HOU,BOS,1610612745.0,1610612738.0,111.0,110.0
888,2020-02-29,0021900893,ORL,SAS,1610612753.0,1610612759.0,113.0,114.0
889,2020-02-29,0021900894,GSW,PHX,1610612744.0,1610612756.0,115.0,99.0
890,2020-03-01,0021900895,MIL,CHA,1610612749.0,1610612766.0,93.0,85.0
891,2020-03-01,0021900896,DAL,MIN,1610612742.0,1610612750.0,111.0,91.0
892,2020-03-01,0021900897,PHI,LAC,1610612755.0,1610612746.0,130.0,136.0
893,2020-03-01,0021900898,TOR,DEN,1610612761.0,1610612743.0,118.0,133.0
894,2020-03-01,0021900899,DET,SAC,1610612765.0,1610612758.0,100.0,106.0
895,2020-03-01,0021900900,LAL,NOP,1610612747.0,1610612740.0,122.0,114.0
896,2020-03-01,0021900901,WAS,GSW,1610612764.0,1610612744.0,124.0,110.0
897,2020-03-02,0021900902,UTA,CLE,1610612762.0,1610612739.0,126.0,113.0
898,2020-03-02,0021900903,HOU,NYK,1610612745.0,1610612752.0,123.0,125.0
899,2020-03-02,0021900904,POR,ORL,1610612757.0,1610612753.0,130.0,107.0
900,2020-03-02,0021900905,MEM,ATL,1610612763.0,1610612737.0,127.0,88.0
901,2020-03-02,0021900906,MIL,MIA,1610612749.0,1610612748.0,89.0,105.0
902,2020-03-02,0021900907,DAL,CHI,1610612742.0,1610612741.0,107.0,109.0
903,2020-03-02,0021900908,IND,SAS,1610612754.0,1610612759.0,116.0,111.0
904,2020-03-03,0021900909,SAS,CHA,1610612759.0,1610612766.0,104.0,103.0
905,2020-03-03,0021900910,BKN,BOS,1610612751.0,1610612738.0,129.0,120.0
906,2020-03-03,0021900911,MIN,NOP,1610612750.0,1610612740.0,139.0,134.0
907,2020-03-03,0021900912,LAC,OKC,1610612746.0,1610612760.0,109.0,94.0
908,2020-03-03,0021900913,GSW,DEN,1610612744.0,1610612743.0,116.0,100.0
909,2020-03-03,0021900914,TOR,PHX,1610612761.0,1610612756.0,123.0,114.0
910,2020-03-03,0021900915,PHI,LAL,1610612755.0,1610612747.0,107.0,120.0
911,2020-03-03,0021900916,WAS,SAC,1610612764.0,1610612758.0,126.0,133.0
912,2020-03-04,0021900917,BOS,CLE,1610612738.0,1610612739.0,112.0,106.0
913,2020-03-04,0021900918,OKC,DET,1610612760.0,1610612765.0,114.0,107.0
914,2020-03-04,0021900924,IND,MIL,1610612754.0,1610612749.0,100.0,119.0
915,2020-03-04,0021900919,ORL,MIA,1610612753.0,1610612748.0,113.0,116.0
916,2020-03-04,0021900920,MEM,BKN,1610612763.0,1610612751.0,118.0,79.0
917,2020-03-04,0021900921,UTA,NYK,1610612762.0,1610612752.0,112.0,104.0
918,2020-03-04,0021900922,CHI,MIN,1610612741.0,1610612750.0,108.0,115.0
919,2020-03-04,0021900923,NOP,DAL,1610612740.0,1610612742.0,123.0,127.0
920,2020-03-04,0021900925,WAS,POR,1610612764.0,1610612757.0,104.0,125.0
921,2020-03-05,0021900926,DEN,CHA,1610612743.0,1610612766.0,114.0,112.0
922,2020-03-05,0021900927,LAC,HOU,1610612746.0,1610612745.0,120.0,105.0
923,2020-03-05,0021900928,PHI,SAC,1610612755.0,1610612758.0,125.0,108.0
924,2020-03-05,0021900929,TOR,GSW,1610612761.0,1610612744.0,121.0,113.0
925,2020-03-06,0021900930,ATL,WAS,1610612737.0,1610612764.0,112.0,118.0
926,2020-03-06,0021900931,SAS,BKN,1610612759.0,1610612751.0,120.0,139.0
927,2020-03-06,0021900932,OKC,NYK,1610612760.0,1610612752.0,126.0,103.0
928,2020-03-06,0021900933,UTA,BOS,1610612762.0,1610612738.0,99.0,94.0
929,2020-03-06,0021900934,IND,CHI,1610612754.0,1610612741.0,108.0,102.0
930,2020-03-06,0021900935,ORL,MIN,1610612753.0,1610612750.0,132.0,118.0
931,2020-03-06,0021900936,MIA,NOP,1610612748.0,1610612740.0,104.0,110.0
932,2020-03-06,0021900937,MEM,DAL,1610612763.0,1610612742.0,96.0,121.0
933,2020-03-06,0021900938,POR,PHX,1610612757.0,1610612756.0,117.0,127.0
934,2020-03-06,0021900939,MIL,LAL,1610612749.0,1610612747.0,103.0,113.0
935,2020-03-07,0021900940,HOU,CHA,1610612745.0,1610612766.0,99.0,108.0
936,2020-03-07,0021900941,UTA,DET,1610612762.0,1610612765.0,111.0,105.0
937,2020-03-07,0021900942,DEN,CLE,1610612743.0,1610612739.0,102.0,104.0
938,2020-03-07,0021900943,ATL,MEM,1610612737.0,1610612763.0,101.0,118.0
939,2020-03-07,0021900944,PHI,GSW,1610612755.0,1610612744.0,114.0,118.0
940,2020-03-07,0021900945,SAC,POR,1610612758.0,1610612757.0,123.0,111.0
941,2020-03-08,0021900946,CHI,BKN,1610612741.0,1610612751.0,107.0,110.0
942,2020-03-08,0021900947,NOP,MIN,1610612740.0,1610612750.0,120.0,107.0
943,2020-03-08,0021900948,LAL,LAC,1610612747.0,1610612746.0,112.0,103.0
944,2020-03-08,0021900949,OKC,BOS,1610612760.0,1610612738.0,105.0,104.0
945,2020-03-08,0021900950,MIL,PHX,1610612749.0,1610612756.0,131.0,140.0
946,2020-03-08,0021900951,MIA,WAS,1610612748.0,1610612764.0,100.0,89.0
947,2020-03-08,0021900952,IND,DAL,1610612754.0,1610612742.0,112.0,109.0
948,2020-03-08,0021900953,ORL,HOU,1610612753.0,1610612745.0,126.0,106.0
949,2020-03-08,0021900954,SAS,CLE,1610612759.0,1610612739.0,129.0,132.0
950,2020-03-08,0021900955,DET,NYK,1610612765.0,1610612752.0,84.0,96.0
951,2020-03-08,0021900956,TOR,SAC,1610612761.0,1610612758.0,118.0,113.0
952,2020-03-09,0021900957,CHA,ATL,1610612766.0,1610612737.0,138.0,143.0
953,2020-03-09,0021900958,MIL,DEN,1610612749.0,1610612743.0,95.0,109.0
954,2020-03-09,0021900959,TOR,UTA,1610612761.0,1610612762.0,101.0,92.0
955,2020-03-10,0021900960,BOS,IND,1610612738.0,1610612754.0,114.0,111.0
956,2020-03-10,0021900961,NYK,WAS,1610612752.0,1610612764.0,115.0,122.0
957,2020-03-10,0021900962,CLE,CHI,1610612739.0,1610612741.0,103.0,108.0
958,2020-03-10,0021900963,MIN,HOU,1610612750.0,1610612745.0,111.0,117.0
959,2020-03-10,0021900964,ORL,MEM,1610612753.0,1610612763.0,120.0,115.0
960,2020-03-10,0021900965,DAL,SAS,1610612742.0,1610612759.0,109.0,119.0
961,2020-03-10,0021900966,PHX,POR,1610612756.0,1610612757.0,105.0,121.0
962,2020-03-10,0021900967,LAC,GSW,1610612746.0,1610612744.0,131.0,107.0
963,2020-03-10,0021900968,BKN,LAL,1610612751.0,1610612747.0,104.0,102.0
964,2020-03-11,0021900971,DET,PHI,1610612765.0,1610612755.0,106.0,124.0
965,2020-03-11,0021900969,NYK,ATL,1610612752.0,1610612737.0,136.0,131.0
966,2020-03-11,0021900970,CHA,MIA,1610612766.0,1610612748.0,109.0,98.0
967,2020-03-11,0021900973,DEN,DAL,1610612743.0,1610612742.0,97.0,113.0
1001,2020-07-30,0021901231,UTA,NOP,1610612762.0,1610612740.0,106.0,104.0
1002,2020-07-30,0021901232,LAC,LAL,1610612746.0,1610612747.0,101.0,103.0
1003,2020-07-31,0021901233,ORL,BKN,1610612753.0,1610612751.0,128.0,118.0
1004,2020-07-31,0021901234,MEM,POR,1610612763.0,1610612757.0,135.0,140.0
1005,2020-07-31,0021901235,PHX,WAS,1610612756.0,1610612764.0,125.0,112.0
1006,2020-07-31,0021901236,BOS,MIL,1610612738.0,1610612749.0,112.0,119.0
1007,2020-07-31,0021901237,SAC,SAS,1610612758.0,1610612759.0,120.0,129.0
1008,2020-07-31,0021901238,HOU,DAL,1610612745.0,1610612742.0,153.0,149.0
1009,2020-08-01,0021901239,MIA,DEN,1610612748.0,1610612743.0,125.0,105.0
1010,2020-08-01,0021901240,UTA,OKC,1610612762.0,1610612760.0,94.0,110.0
1011,2020-08-01,0021901241,NOP,LAC,1610612740.0,1610612746.0,103.0,126.0
1012,2020-08-01,0021901242,PHI,IND,1610612755.0,1610612754.0,121.0,127.0
1013,2020-08-01,0021901243,LAL,TOR,1610612747.0,1610612761.0,92.0,107.0
1014,2020-08-02,0021901244,WAS,BKN,1610612764.0,1610612751.0,110.0,118.0
1015,2020-08-02,0021901245,POR,BOS,1610612757.0,1610612738.0,124.0,128.0
1016,2020-08-02,0021901246,SAS,MEM,1610612759.0,1610612763.0,108.0,106.0
1017,2020-08-02,0021901247,SAC,ORL,1610612758.0,1610612753.0,116.0,132.0
1018,2020-08-02,0021901248,MIL,HOU,1610612749.0,1610612745.0,116.0,120.0
1019,2020-08-02,0021901249,DAL,PHX,1610612742.0,1610612756.0,115.0,117.0
1020,2020-08-03,0021901250,TOR,MIA,1610612761.0,1610612748.0,107.0,103.0
1021,2020-08-03,0021901251,DEN,OKC,1610612743.0,1610612760.0,121.0,113.0
1022,2020-08-03,0021901252,IND,WAS,1610612754.0,1610612764.0,111.0,100.0
1023,2020-08-03,0021901253,MEM,NOP,1610612763.0,1610612740.0,99.0,109.0
1024,2020-08-03,0021901254,SAS,PHI,1610612759.0,1610612755.0,130.0,132.0
1025,2020-08-03,0021901255,LAL,UTA,1610612747.0,1610612762.0,116.0,108.0
1026,2020-08-04,0021901256,BKN,MIL,1610612751.0,1610612749.0,119.0,116.0
1027,2020-08-04,0021901257,DAL,SAC,1610612742.0,1610612758.0,114.0,110.0
1028,2020-08-04,0021901258,PHX,LAC,1610612756.0,1610612746.0,117.0,115.0
1029,2020-08-04,0021901259,ORL,IND,1610612753.0,1610612754.0,109.0,120.0
1030,2020-08-04,0021901260,BOS,MIA,1610612738.0,1610612748.0,106.0,112.0
1031,2020-08-04,0021901261,HOU,POR,1610612745.0,1610612757.0,102.0,110.0
1032,2020-08-05,0021901262,MEM,UTA,1610612763.0,1610612762.0,115.0,124.0
1033,2020-08-05,0021901263,PHI,WAS,1610612755.0,1610612764.0,107.0,98.0
1034,2020-08-05,0021901264,DEN,SAS,1610612743.0,1610612759.0,132.0,126.0
1035,2020-08-05,0021901265,OKC,LAL,1610612760.0,1610612747.0,105.0,86.0
1036,2020-08-05,0021901266,TOR,ORL,1610612761.0,1610612753.0,109.0,99.0
1037,2020-08-05,0021901267,BKN,BOS,1610612751.0,1610612738.0,115.0,149.0
1038,2020-08-06,0021901268,NOP,SAC,1610612740.0,1610612758.0,125.0,140.0
1039,2020-08-06,0021901269,MIA,MIL,1610612748.0,1610612749.0,116.0,130.0
1040,2020-08-06,0021901270,IND,PHX,1610612754.0,1610612756.0,99.0,114.0
1041,2020-08-06,0021901271,LAC,DAL,1610612746.0,1610612742.0,126.0,111.0
1042,2020-08-06,0021901272,POR,DEN,1610612757.0,1610612743.0,125.0,115.0
1043,2020-08-06,0021901273,LAL,HOU,1610612747.0,1610612745.0,97.0,113.0
1044,2020-08-07,0021901274,UTA,SAS,1610612762.0,1610612759.0,111.0,119.0
1045,2020-08-07,0021901275,OKC,MEM,1610612760.0,1610612763.0,92.0,121.0
1046,2020-08-07,0021901276,SAC,BKN,1610612758.0,1610612751.0,106.0,119.0
1047,2020-08-07,0021901277,ORL,PHI,1610612753.0,1610612755.0,101.0,108.0
1048,2020-08-07,0021901278,WAS,NOP,1610612764.0,1610612740.0,107.0,118.0
1049,2020-08-07,0021901279,BOS,TOR,1610612738.0,1610612761.0,122.0,100.0
1050,2020-08-08,0021901280,LAC,POR,1610612746.0,1610612757.0,122.0,117.0
1051,2020-08-08,0021901281,UTA,DEN,1610612762.0,1610612743.0,132.0,134.0
1052,2020-08-08,0021901282,LAL,IND,1610612747.0,1610612754.0,111.0,116.0
1053,2020-08-08,0021901283,PHX,MIA,1610612756.0,1610612748.0,119.0,112.0
1054,2020-08-08,0021901284,MIL,DAL,1610612749.0,1610612742.0,132.0,136.0
1055,2020-08-09,0021901285,WAS,OKC,1610612764.0,1610612760.0,103.0,121.0
1056,2020-08-09,0021901286,MEM,TOR,1610612763.0,1610612761.0,99.0,108.0
1057,2020-08-09,0021901287,SAS,NOP,1610612759.0,1610612740.0,122.0,113.0
1058,2020-08-09,0021901288,ORL,BOS,1610612753.0,1610612738.0,119.0,122.0
1059,2020-08-09,0021901289,PHI,POR,1610612755.0,1610612757.0,121.0,124.0
1060,2020-08-09,0021901290,HOU,SAC,1610612745.0,1610612758.0,129.0,112.0
1061,2020-08-09,0021901291,BKN,LAC,1610612751.0,1610612746.0,129.0,120.0
1062,2020-08-10,0021901292,OKC,PHX,1610612760.0,1610612756.0,101.0,128.0
1063,2020-08-10,0021901293,DAL,UTA,1610612742.0,1610612762.0,122.0,114.0
1064,2020-08-10,0021901294,TOR,MIL,1610612761.0,1610612749.0,114.0,106.0
1065,2020-08-10,0021901295,IND,MIA,1610612754.0,1610612748.0,92.0,114.0
1066,2020-08-10,0021901296,DEN,LAL,1610612743.0,1610612747.0,121.0,124.0
1067,2020-08-11,0021901297,BKN,ORL,1610612751.0,1610612753.0,108.0,96.0
1068,2020-08-11,0021901298,HOU,SAS,1610612745.0,1610612759.0,105.0,123.0
1069,2020-08-11,0021901299,PHX,PHI,1610612756.0,1610612755.0,130.0,117.0
1070,2020-08-11,0021901301,BOS,MEM,1610612738.0,1610612763.0,122.0,107.0
1071,2020-08-11,0021901300,POR,DAL,1610612757.0,1610612742.0,134.0,131.0
1072,2020-08-11,0021901302,NOP,SAC,1610612740.0,1610612758.0,106.0,112.0
1073,2020-08-11,0021901303,MIL,WAS,1610612749.0,1610612764.0,126.0,113.0
1074,2020-08-12,0021901304,IND,HOU,1610612754.0,1610612745.0,108.0,104.0
1075,2020-08-12,0021901305,TOR,PHI,1610612761.0,1610612755.0,125.0,121.0
1076,2020-08-12,0021901306,MIA,OKC,1610612748.0,1610612760.0,115.0,116.0
1077,2020-08-12,0021901307,LAC,DEN,1610612746.0,1610612743.0,124.0,111.0
1078,2020-08-13,0021901308,WAS,BOS,1610612764.0,1610612738.0,96.0,90.0
1079,2020-08-13,0021901310,SAC,LAL,1610612758.0,1610612747.0,136.0,122.0
1080,2020-08-13,0021901311,MIL,MEM,1610612749.0,1610612763.0,106.0,119.0
1081,2020-08-13,0021901313,DAL,PHX,1610612742.0,1610612756.0,102.0,128.0
1082,2020-08-13,0021901314,SAS,UTA,1610612759.0,1610612762.0,112.0,118.0
1083,2020-08-13,0021901309,POR,BKN,1610612757.0,1610612751.0,134.0,133.0
1084,2020-08-13,0021901312,NOP,ORL,1610612740.0,1610612753.0,127.0,133.0
1085,2020-08-14,0021901318,DEN,TOR,1610612743.0,1610612761.0,109.0,117.0
1086,2020-08-14,0021901316,MIA,IND,1610612748.0,1610612754.0,92.0,109.0
1087,2020-08-14,0021901317,OKC,LAC,1610612760.0,1610612746.0,103.0,107.0
1088,2020-08-14,0021901315,PHI,HOU,1610612755.0,1610612745.0,134.0,96.0
1089,2020-08-15,0051900111,MEM,POR,1610612763.0,1610612757.0,122.0,126.0
1090,2020-08-17,0041900161,UTA,DEN,1610612762.0,1610612743.0,125.0,135.0
1091,2020-08-17,0041900111,BKN,TOR,1610612751.0,1610612761.0,110.0,134.0
1092,2020-08-17,0041900121,PHI,BOS,1610612755.0,1610612738.0,101.0,109.0
1093,2020-08-17,0041900151,DAL,LAC,1610612742.0,1610612746.0,110.0,118.0
1094,2020-08-18,0041900101,ORL,MIL,1610612753.0,1610612749.0,122.0,110.0
1095,2020-08-18,0041900131,MIA,IND,1610612748.0,1610612754.0,113.0,101.0
1096,2020-08-18,0041900171,OKC,HOU,1610612760.0,1610612745.0,108.0,123.0
1097,2020-08-18,0041900141,POR,LAL,1610612757.0,1610612747.0,100.0,93.0
1098,2020-08-19,0041900112,BKN,TOR,1610612751.0,1610612761.0,99.0,104.0
1099,2020-08-19,0041900162,UTA,DEN,1610612762.0,1610612743.0,124.0,105.0
1100,2020-08-19,0041900122,PHI,BOS,1610612755.0,1610612738.0,101.0,128.0
1101,2020-08-19,0041900152,DAL,LAC,1610612742.0,1610612746.0,127.0,114.0
1102,2020-08-20,0041900132,MIA,IND,1610612748.0,1610612754.0,109.0,100.0
1103,2020-08-20,0041900172,OKC,HOU,1610612760.0,1610612745.0,98.0,111.0
1104,2020-08-20,0041900102,ORL,MIL,1610612753.0,1610612749.0,96.0,111.0
1105,2020-08-20,0041900142,POR,LAL,1610612757.0,1610612747.0,88.0,111.0
1106,2020-08-21,0041900113,TOR,BKN,1610612761.0,1610612751.0,117.0,92.0
1107,2020-08-21,0041900163,DEN,UTA,1610612743.0,1610612762.0,87.0,124.0
1108,2020-08-21,0041900123,BOS,PHI,1610612738.0,1610612755.0,102.0,94.0
1109,2020-08-21,0041900153,LAC,DAL,1610612746.0,1610612742.0,130.0,122.0
1110,2020-08-22,0041900103,MIL,ORL,1610612749.0,1610612753.0,121.0,107.0
1111,2020-08-22,0041900133,IND,MIA,1610612754.0,1610612748.0,115.0,124.0
1112,2020-08-22,0041900173,HOU,OKC,1610612745.0,1610612760.0,107.0,119.0
1113,2020-08-22,0041900143,LAL,POR,1610612747.0,1610612757.0,116.0,108.0
1114,2020-08-23,0041900124,BOS,PHI,1610612738.0,1610612755.0,110.0,106.0
1115,2020-08-23,0041900154,LAC,DAL,1610612746.0,1610612742.0,133.0,135.0
1116,2020-08-23,0041900114,TOR,BKN,1610612761.0,1610612751.0,150.0,122.0
1117,2020-08-23,0041900164,DEN,UTA,1610612743.0,1610612762.0,127.0,129.0
1118,2020-08-24,0041900104,MIL,ORL,1610612749.0,1610612753.0,121.0,106.0
1119,2020-08-24,0041900174,HOU,OKC,1610612745.0,1610612760.0,114.0,117.0
1120,2020-08-24,0041900134,IND,MIA,1610612754.0,1610612748.0,87.0,99.0
1121,2020-08-24,0041900144,LAL,POR,1610612747.0,1610612757.0,135.0,115.0
1122,2020-08-25,0041900165,UTA,DEN,1610612762.0,1610612743.0,107.0,117.0
1123,2020-08-25,0041900155,DAL,LAC,1610612742.0,1610612746.0,111.0,154.0
1124,2020-08-29,0041900105,ORL,MIL,1610612753.0,1610612749.0,104.0,118.0
1125,2020-08-29,0041900175,OKC,HOU,1610612760.0,1610612745.0,80.0,114.0
1126,2020-08-29,0041900145,POR,LAL,1610612757.0,1610612747.0,122.0,131.0
1127,2020-08-30,0041900211,BOS,TOR,1610612738.0,1610612761.0,112.0,94.0
1128,2020-08-30,0041900156,LAC,DAL,1610612746.0,1610612742.0,111.0,97.0
1129,2020-08-30,0041900166,DEN,UTA,1610612743.0,1610612762.0,119.0,107.0
1130,2020-08-31,0041900201,MIA,MIL,1610612748.0,1610612749.0,115.0,104.0
1131,2020-08-31,0041900176,HOU,OKC,1610612745.0,1610612760.0,100.0,104.0
1132,2020-09-01,0041900212,BOS,TOR,1610612738.0,1610612761.0,102.0,99.0
1133,2020-09-01,0041900167,UTA,DEN,1610612762.0,1610612743.0,78.0,80.0
1134,2020-09-02,0041900202,MIA,MIL,1610612748.0,1610612749.0,116.0,114.0
1135,2020-09-02,0041900177,OKC,HOU,1610612760.0,1610612745.0,102.0,104.0
1136,2020-09-03,0041900213,TOR,BOS,1610612761.0,1610612738.0,104.0,103.0
1137,2020-09-03,0041900231,DEN,LAC,1610612743.0,1610612746.0,97.0,120.0
1138,2020-09-04,0041900203,MIL,MIA,1610612749.0,1610612748.0,100.0,115.0
1139,2020-09-04,0041900221,HOU,LAL,1610612745.0,1610612747.0,112.0,97.0
1140,2020-09-05,0041900214,TOR,BOS,1610612761.0,1610612738.0,100.0,93.0
1141,2020-09-05,0041900232,DEN,LAC,1610612743.0,1610612746.0,110.0,101.0
1142,2020-09-06,0041900204,MIL,MIA,1610612749.0,1610612748.0,118.0,115.0
1143,2020-09-06,0041900222,HOU,LAL,1610612745.0,1610612747.0,109.0,117.0
1144,2020-09-07,0041900215,BOS,TOR,1610612738.0,1610612761.0,111.0,89.0
1145,2020-09-07,0041900233,LAC,DEN,1610612746.0,1610612743.0,113.0,107.0
1146,2020-09-08,0041900205,MIA,MIL,1610612748.0,1610612749.0,103.0,94.0
1147,2020-09-08,0041900223,LAL,HOU,1610612747.0,1610612745.0,112.0,102.0
1148,2020-09-09,0041900216,TOR,BOS,1610612761.0,1610612738.0,125.0,122.0
1149,2020-09-09,0041900234,LAC,DEN,1610612746.0,1610612743.0,96.0,85.0
1150,2020-09-10,0041900224,LAL,HOU,1610612747.0,1610612745.0,110.0,100.0
1151,2020-09-11,0041900235,DEN,LAC,1610612743.0,1610612746.0,111.0,105.0
1152,2020-09-11,0041900217,BOS,TOR,1610612738.0,1610612761.0,92.0,87.0
1153,2020-09-12,0041900225,HOU,LAL,1610612745.0,1610612747.0,96.0,119.0
1154,2020-09-13,0041900236,LAC,DEN,1610612746.0,1610612743.0,98.0,111.0
1155,2020-09-15,0041900301,MIA,BOS,1610612748.0,1610612738.0,117.0,114.0
1156,2020-09-15,0041900237,DEN,LAC,1610612743.0,1610612746.0,104.0,89.0
1157,2020-09-17,0041900302,MIA,BOS,1610612748.0,1610612738.0,106.0,101.0
1158,2020-09-18,0041900311,DEN,LAL,1610612743.0,1610612747.0,114.0,126.0
1159,2020-09-19,0041900303,BOS,MIA,1610612738.0,1610612748.0,117.0,106.0
1160,2020-09-20,0041900312,DEN,LAL,1610612743.0,1610612747.0,103.0,105.0
1161,2020-09-22,0041900313,LAL,DEN,1610612747.0,1610612743.0,106.0,114.0
1162,2020-09-23,0041900304,BOS,MIA,1610612738.0,1610612748.0,109.0,112.0
1163,2020-09-24,0041900314,LAL,DEN,1610612747.0,1610612743.0,114.0,108.0
1164,2020-09-25,0041900305,MIA,BOS,1610612748.0,1610612738.0,108.0,121.0
1165,2020-09-26,0041900315,DEN,LAL,1610612743.0,1610612747.0,107.0,117.0
1166,2020-09-27,0041900306,BOS,MIA,1610612738.0,1610612748.0,113.0,125.0
1167,2020-09-30,0041900401,MIA,LAL,1610612748.0,1610612747.0,98.0,116.0
1168,2020-10-02,0041900402,MIA,LAL,1610612748.0,1610612747.0,114.0,124.0
1169,2020-10-04,0041900403,LAL,MIA,1610612747.0,1610612748.0,104.0,115.0
1170,2020-10-06,0041900404,LAL,MIA,1610612747.0,1610612748.0,102.0,96.0
1171,2020-10-09,0041900405,MIA,LAL,1610612748.0,1610612747.0,111.0,108.0
1172,2020-10-11,0041900406,LAL,MIA,1610612747.0,1610612748.0,106.0,93.0
