,Unnamed: 0,DATE,1610612739,1610612744,1610612745,1610612737,1610612764,1610612763,1610612741,1610612746,1610612751,1610612749,1610612759,1610612757,1610612738,1610612742,1610612740,1610612761,1610612750,1610612752,1610612755,1610612747,1610612754,1610612756,1610612766,1610612748,1610612760,1610612762,1610612758,1610612765,1610612743,1610612753
0,0,2014-10-28,1442.63,1574.5,1598.5,1479.44,1522.42,1566.78,1551.66,1624.02,1522.42,1276.6,1670.88,1598.5,1377.58,1559.17,1450.15,1551.66,1493.79,1472.21,1320.34,1394.84,1615.32,1551.66,1515.24,1598.5,1642.05,1377.58,1403.19,1411.37,1464.93,1359.48
1,1,2014-10-29,1442.63,1574.5,1608.49,1479.44,1522.42,1566.78,1551.66,1624.02,1522.42,1276.6,1672.46,1598.5,1377.58,1557.59,1456.51,1551.66,1493.79,1472.21,1320.34,1384.85,1615.32,1551.66,1515.24,1598.5,1642.05,1377.58,1403.19,1411.37,1464.93,1353.12
2,2,2014-10-30,1442.63,1585.99,1614.87,1475.44,1516.99,1569.78,1571.71,1624.02,1505.97,1275.65,1672.46,1610.26,1394.03,1557.59,1456.51,1555.66,1490.79,1452.16,1318.69,1380.07,1616.97,1556.44,1516.19,1603.93,1630.29,1371.2,1391.7,1405.97,1470.33,1353.12
3,3,2014-10-31,1433.11,1585.99,1614.87,1475.44,1523.54,1569.78,1571.71,1627.85,1505.97,1275.65,1672.46,1610.26,1394.03,1561.59,1456.51,1555.66,1494.25,1461.68,1318.69,1380.07,1616.97,1556.44,1516.19,1603.93,1626.46,1367.2,1391.7,1402.51,1470.33,1346.57
4,4,2014-11-01,1448.36,1585.99,1614.87,1475.44,1523.54,1584.19,1556.46,1632.35,1505.97,1284.97,1665.0,1595.97,1394.03,1561.59,1456.51,1555.66,1494.25,1461.68,1309.37,1375.57,1602.56,1563.9,1516.19,1603.93,1626.46,1367.2,1405.99,1402.51,1470.33,1346.57
5,5,2014-11-02,1448.36,1590.14,1617.66,1486.87,1525.7,1589.6,1561.08,1632.35,1517.46,1282.81,1665.0,1595.97,1391.24,1568.5,1449.6,1563.5,1489.63,1461.68,1302.89,1371.42,1591.13,1535.98,1510.78,1610.41,1629.86,1395.12,1405.99,1391.02,1466.93,1338.73
6,6,2014-11-03,1448.36,1600.1,1617.66,1486.87,1525.7,1589.6,1561.08,1614.19,1517.46,1282.81,1665.0,1586.01,1391.24,1568.5,1449.6,1559.72,1489.63,1466.27,1302.89,1371.42,1591.13,1535.98,1506.19,1614.19,1629.86,1395.12,1424.15,1391.02,1466.93,1338.73
7,7,2014-11-04,1448.36,1600.1,1621.89,1486.87,1525.7,1593.52,1561.08,1615.88,1540.88,1282.81,1665.0,1586.01,1389.3,1570.44,1445.68,1559.72,1489.63,1466.27,1298.66,1371.42,1591.13,1535.98,1506.19,1614.19,1606.44,1393.43,1435.19,1391.02,1455.89,1338.73
8,8,2014-11-05,1442.97,1600.1,1641.81,1486.87,1541.23,1593.52,1563.03,1615.88,1540.88,1303.78,1665.0,1591.4,1389.3,1570.44,1454.05,1569.18,1489.63,1450.74,1298.66,1365.42,1570.16,1541.98,1497.82,1594.27,1596.98,1393.43,1435.19,1391.02,1455.89,1336.78
9,9,2014-11-06,1439.0,1610.56,1641.81,1485.54,1544.88,1606.56,1567.96,1605.42,1527.39,1298.85,1666.33,1591.4,1385.23,1570.44,1454.05,1573.25,1503.12,1445.95,1292.68,1365.42,1566.51,1528.94,1506.12,1585.97,1596.98,1397.4,1447.96,1395.81,1443.12,1342.76
10,10,2014-11-07,1439.0,1610.56,1652.67,1485.54,1544.88,1606.56,1567.96,1605.42,1527.39,1298.85,1655.47,1601.68,1385.23,1560.16,1454.05,1573.25,1503.12,1445.95,1292.68,1365.42,1566.51,1528.94,1506.12,1585.97,1596.98,1397.4,1447.96,1395.81,1443.12,1342.76
11,11,2014-11-08,1452.71,1610.56,1652.67,1482.14,1535.61,1613.09,1570.58,1605.42,1532.4,1296.5,1655.47,1601.68,1392.58,1574.29,1454.05,1582.52,1491.13,1440.94,1290.06,1365.42,1559.16,1520.59,1509.52,1585.97,1590.45,1383.27,1456.31,1398.16,1429.41,1354.75
12,12,2014-11-09,1452.71,1627.8,1635.43,1486.79,1548.13,1605.49,1555.52,1609.57,1532.4,1304.1,1646.41,1597.53,1407.64,1574.29,1463.11,1582.52,1486.72,1436.29,1290.06,1365.42,1546.64,1520.59,1509.52,1590.38,1590.45,1383.27,1456.31,1398.16,1429.41,1354.75
13,13,2014-11-10,1452.71,1615.85,1635.43,1486.79,1548.13,1605.49,1555.52,1609.57,1534.9,1304.1,1646.41,1601.61,1407.64,1561.38,1463.11,1585.82,1486.72,1436.29,1286.76,1381.14,1546.64,1532.54,1493.8,1603.29,1593.6,1389.14,1453.16,1392.29,1425.33,1352.25
14,14,2014-11-11,1458.58,1615.85,1635.43,1495.98,1548.13,1605.49,1558.8,1601.71,1534.9,1304.1,1654.27,1601.61,1407.64,1561.38,1457.24,1585.82,1486.72,1427.1,1286.76,1381.14,1550.02,1532.54,1493.8,1603.29,1593.6,1385.76,1453.16,1389.01,1425.33,1352.25
15,15,2014-11-12,1458.58,1600.7,1635.43,1495.98,1548.13,1606.99,1558.8,1601.71,1534.9,1318.95,1669.42,1603.53,1407.64,1564.99,1457.24,1587.1,1486.72,1427.1,1286.76,1379.64,1550.02,1532.54,1491.88,1603.29,1578.75,1385.76,1449.55,1389.01,1425.33,1350.97
16,16,2014-11-13,1458.58,1600.7,1645.07,1498.18,1550.05,1606.99,1558.8,1601.71,1528.78,1318.95,1669.42,1614.26,1397.47,1564.99,1461.14,1587.1,1477.08,1418.85,1286.76,1375.74,1562.49,1538.66,1491.88,1590.82,1588.92,1383.56,1449.55,1387.09,1414.6,1359.22
17,17,2014-11-14,1458.58,1605.03,1645.07,1498.18,1550.05,1608.23,1571.49,1601.71,1524.45,1318.95,1669.42,1614.26,1397.47,1570.21,1461.14,1574.41,1477.08,1418.85,1281.54,1375.74,1562.49,1538.66,1491.88,1590.82,1588.92,1383.56,1448.31,1387.09,1414.6,1359.22
18,18,2014-11-15,1463.22,1605.03,1645.45,1508.9,1550.05,1608.23,1571.49,1601.71,1524.45,1311.15,1674.66,1614.26,1392.83,1570.21,1483.27,1574.41,1454.95,1411.42,1281.16,1370.5,1528.39,1524.27,1506.27,1580.1,1570.06,1390.99,1448.31,1405.95,1448.7,1367.02
19,19,2014-11-16,1482.2,1613.02,1645.45,1489.92,1551.93,1610.25,1556.21,1607.39,1519.93,1311.15,1666.27,1618.78,1392.83,1575.14,1483.27,1578.47,1450.02,1411.42,1281.16,1370.5,1543.67,1518.59,1498.28,1580.1,1570.06,1386.93,1456.7,1403.93,1448.7,1365.14
20,20,2014-11-17,1482.2,1622.32,1652.36,1489.92,1551.93,1610.25,1556.21,1607.39,1519.93,1332.47,1666.27,1618.78,1392.83,1575.14,1483.27,1578.47,1450.02,1422.42,1281.16,1361.2,1543.67,1518.59,1498.28,1558.78,1563.15,1386.93,1456.7,1403.93,1437.7,1365.14
21,21,2014-11-18,1466.86,1622.32,1636.63,1489.92,1551.93,1625.98,1578.75,1584.85,1505.56,1332.47,1667.86,1622.14,1387.09,1597.15,1479.91,1578.47,1450.02,1422.42,1279.57,1361.2,1543.67,1524.33,1476.27,1573.15,1563.15,1386.93,1456.7,1383.97,1453.04,1385.1
22,22,2014-11-19,1466.86,1622.32,1636.63,1476.33,1551.93,1625.98,1578.75,1584.85,1505.56,1338.56,1667.86,1622.14,1387.09,1597.15,1489.94,1578.47,1450.02,1416.33,1279.57,1374.79,1543.67,1524.33,1476.27,1573.15,1544.18,1405.9,1446.67,1383.97,1453.04,1385.1
23,23,2014-11-20,1463.65,1622.32,1617.27,1476.33,1545.17,1620.82,1578.75,1597.28,1492.32,1351.8,1671.07,1622.14,1397.8,1603.91,1489.94,1583.63,1458.06,1408.29,1268.86,1394.15,1546.02,1528.47,1473.92,1573.15,1536.04,1405.9,1446.67,1379.83,1461.18,1372.67
24,24,2014-11-21,1463.65,1622.32,1617.27,1476.33,1545.17,1620.82,1563.66,1616.23,1492.32,1351.8,1671.07,1622.14,1397.8,1603.91,1489.94,1583.63,1458.06,1408.29,1268.86,1394.15,1546.02,1528.47,1473.92,1554.2,1536.04,1405.9,1461.76,1379.83,1461.18,1372.67
25,25,2014-11-22,1458.08,1625.04,1617.27,1480.71,1550.74,1623.96,1555.91,1616.23,1499.92,1346.09,1684.49,1629.89,1394.66,1609.44,1477.58,1589.34,1444.64,1408.29,1258.89,1388.62,1546.02,1538.44,1461.15,1554.2,1528.44,1403.18,1461.76,1375.45,1473.54,1385.44
26,26,2014-11-23,1445.07,1625.04,1620.87,1480.71,1557.93,1623.96,1555.91,1616.23,1496.84,1338.9,1687.57,1629.89,1394.66,1605.84,1490.33,1602.35,1429.26,1411.2,1255.98,1388.62,1520.32,1564.14,1461.15,1560.62,1528.44,1390.43,1477.14,1375.45,1473.54,1379.02
27,27,2014-11-24,1445.07,1632.17,1620.87,1480.71,1557.93,1633.01,1555.91,1607.18,1496.84,1338.9,1687.57,1634.28,1390.27,1605.84,1490.33,1602.35,1429.26,1411.2,1255.98,1379.74,1520.32,1564.14,1459.47,1562.3,1521.31,1390.43,1477.14,1375.45,1482.42,1379.02
28,28,2014-11-25,1456.31,1632.17,1622.49,1480.71,1557.93,1633.01,1559.65,1621.28,1496.84,1338.9,1687.57,1637.13,1390.27,1586.59,1490.33,1605.89,1429.26,1409.58,1253.13,1379.74,1539.57,1560.6,1445.37,1562.3,1521.31,1386.69,1477.14,1375.45,1482.42,1367.78
29,29,2014-11-26,1456.31,1648.48,1622.49,1491.54,1547.1,1633.01,1553.19,1621.28,1496.84,1347.97,1687.57,1637.13,1390.27,1586.59,1475.33,1605.89,1429.26,1409.58,1253.13,1379.74,1539.57,1560.6,1445.37,1545.99,1521.31,1386.69,1492.14,1366.38,1488.88,1367.78
30,30,2014-11-27,1475.36,1654.62,1626.83,1481.1,1528.05,1637.04,1553.19,1625.28,1501.79,1373.31,1690.07,1643.41,1390.27,1588.91,1475.33,1616.33,1403.92,1407.26,1248.18,1375.71,1537.07,1564.93,1439.09,1545.99,1525.98,1382.02,1487.8,1362.38,1484.55,1361.64
31,31,2014-11-28,1475.36,1654.62,1626.83,1481.1,1528.05,1637.04,1553.19,1625.28,1501.79,1373.31,1690.07,1643.41,1390.27,1588.91,1475.33,1616.33,1403.92,1407.26,1248.18,1375.71,1537.07,1564.93,1439.09,1545.99,1525.98,1382.02,1487.8,1362.38,1484.55,1361.64
32,32,2014-11-29,1475.36,1659.0,1606.36,1487.42,1528.05,1654.41,1559.76,1645.75,1501.79,1392.24,1692.25,1626.04,1383.7,1598.43,1469.01,1606.81,1409.08,1399.63,1248.18,1370.55,1540.82,1547.12,1434.71,1545.99,1533.61,1382.02,1485.62,1343.45,1502.36,1357.89
33,33,2014-11-30,1485.56,1659.0,1614.41,1498.85,1530.89,1654.41,1559.76,1652.72,1501.79,1384.19,1692.25,1626.04,1383.7,1601.11,1466.17,1606.81,1409.08,1399.63,1245.5,1370.55,1530.62,1547.12,1423.28,1545.99,1533.61,1375.05,1485.62,1343.45,1502.36,1357.89
34,34,2014-12-01,1485.56,1663.21,1614.41,1498.85,1530.89,1663.28,1577.42,1652.72,1484.13,1384.19,1699.19,1628.89,1376.76,1601.11,1466.17,1593.84,1406.23,1392.59,1245.5,1383.52,1530.62,1534.89,1423.28,1553.03,1533.61,1375.05,1476.75,1339.24,1502.36,1370.12
35,35,2014-12-02,1485.56,1663.21,1614.41,1498.85,1543.33,1663.28,1577.42,1656.42,1484.13,1384.19,1700.58,1628.89,1376.76,1601.11,1466.17,1593.84,1402.53,1392.59,1244.11,1383.52,1530.62,1534.89,1423.28,1540.59,1533.61,1370.69,1476.75,1339.24,1506.72,1370.12
36,36,2014-12-03,1487.86,1663.79,1614.41,1501.19,1543.33,1663.28,1570.18,1656.42,1491.39,1381.89,1700.58,1633.34,1374.42,1608.35,1474.19,1602.36,1402.53,1385.33,1244.11,1396.11,1521.04,1544.47,1423.28,1540.59,1525.59,1370.69,1468.23,1326.65,1502.27,1369.54
37,37,2014-12-04,1487.86,1663.79,1622.39,1517.32,1547.89,1655.3,1577.2,1659.51,1498.3,1379.03,1693.67,1633.34,1378.92,1611.21,1474.19,1611.49,1383.86,1385.33,1262.78,1391.55,1521.04,1544.47,1416.26,1524.46,1525.59,1361.56,1468.23,1322.15,1502.27,1366.45
38,38,2014-12-05,1493.4,1669.01,1622.39,1517.32,1547.89,1655.3,1577.2,1659.51,1498.3,1379.03,1693.67,1636.35,1378.92,1611.21,1468.97,1611.49,1383.86,1379.79,1262.78,1391.55,1518.03,1544.47,1416.26,1524.46,1525.59,1361.56,1468.23,1322.15,1502.27,1366.45
39,39,2014-12-06,1517.65,1669.01,1625.09,1541.06,1559.71,1645.74,1577.2,1659.51,1474.56,1400.87,1703.23,1636.35,1389.24,1591.79,1468.97,1587.24,1381.16,1377.51,1256.98,1381.23,1514.7,1563.89,1418.54,1502.62,1531.39,1351.91,1471.56,1322.15,1490.45,1376.1
40,40,2014-12-07,1517.65,1679.7,1628.62,1541.06,1559.71,1645.74,1566.51,1663.71,1474.56,1400.87,1705.35,1636.35,1389.24,1591.79,1464.77,1587.24,1379.04,1377.51,1270.96,1381.23,1514.7,1560.36,1418.54,1502.62,1531.39,1351.91,1454.14,1308.17,1490.45,1393.52
41,41,2014-12-08,1517.65,1679.7,1628.62,1547.21,1548.16,1650.4,1566.51,1663.71,1474.56,1396.24,1705.35,1639.56,1400.79,1596.42,1480.32,1587.24,1379.04,1374.3,1270.96,1365.68,1514.7,1560.36,1418.54,1497.96,1534.29,1351.91,1454.14,1305.27,1484.3,1393.52
42,42,2014-12-09,1538.97,1685.5,1628.62,1564.92,1549.47,1650.4,1566.51,1665.36,1453.24,1396.24,1705.35,1639.56,1399.48,1596.42,1480.32,1590.11,1373.24,1374.3,1270.96,1365.68,1496.99,1558.71,1418.54,1497.96,1534.29,1347.92,1458.13,1305.27,1481.43,1393.52
43,43,2014-12-10,1544.21,1685.5,1628.62,1564.92,1549.47,1655.46,1566.51,1665.36,1453.24,1392.07,1692.37,1643.6,1399.48,1591.36,1484.74,1584.87,1373.24,1369.88,1270.96,1371.12,1496.99,1546.0,1418.54,1510.67,1538.46,1360.9,1452.69,1301.23,1481.43,1393.52
44,44,2014-12-11,1544.21,1691.46,1622.66,1566.93,1553.36,1655.46,1573.93,1671.79,1445.82,1392.07,1693.92,1628.31,1393.52,1594.18,1481.92,1584.87,1388.53,1368.33,1268.95,1371.12,1490.56,1546.0,1424.5,1498.28,1538.46,1360.9,1452.69,1301.23,1493.82,1389.63
45,45,2014-12-12,1537.56,1691.46,1627.46,1566.93,1553.36,1655.46,1573.93,1671.79,1445.82,1392.07,1693.92,1628.31,1393.52,1594.18,1481.92,1584.87,1388.53,1368.33,1268.95,1371.12,1490.56,1546.0,1424.5,1498.28,1545.11,1360.9,1447.89,1301.23,1493.82,1389.63
46,46,2014-12-13,1531.63,1691.46,1627.46,1569.06,1563.06,1657.04,1582.1,1662.09,1450.03,1392.07,1680.49,1620.14,1381.96,1594.18,1487.85,1589.83,1375.85,1379.89,1264.74,1384.55,1485.6,1534.27,1422.92,1504.38,1557.79,1354.8,1447.89,1312.96,1493.82,1387.5
47,47,2014-12-14,1531.63,1699.96,1631.51,1563.74,1563.06,1658.83,1582.1,1650.25,1475.99,1403.91,1680.49,1629.24,1381.96,1585.68,1487.85,1589.83,1375.85,1379.89,1262.95,1384.55,1476.5,1534.27,1396.96,1504.38,1557.79,1354.8,1434.12,1326.73,1489.77,1392.82
48,48,2014-12-15,1531.63,1704.84,1631.51,1563.74,1565.32,1658.83,1598.6,1650.25,1475.99,1403.91,1686.79,1629.24,1381.96,1585.68,1482.97,1594.32,1365.36,1375.4,1262.95,1395.04,1476.5,1523.11,1396.96,1487.88,1568.95,1352.54,1434.12,1326.73,1483.47,1392.82
49,49,2014-12-16,1535.0,1704.84,1631.51,1570.25,1565.32,1658.83,1592.09,1652.35,1475.99,1413.04,1676.38,1639.65,1396.14,1585.68,1482.97,1597.28,1365.36,1375.4,1248.77,1387.85,1483.69,1513.98,1393.59,1487.88,1568.95,1352.54,1434.12,1324.63,1483.47,1389.86
50,50,2014-12-17,1535.0,1698.02,1631.51,1570.25,1568.45,1665.65,1592.09,1652.35,1467.5,1413.04,1676.38,1639.65,1396.14,1596.11,1486.19,1597.28,1362.23,1364.97,1248.77,1387.85,1483.69,1513.98,1393.59,1496.37,1579.14,1349.32,1423.93,1324.63,1483.47,1389.86
51,51,2014-12-18,1508.36,1698.02,1636.76,1596.89,1568.45,1671.45,1592.09,1653.75,1462.5,1411.27,1670.58,1641.42,1405.63,1601.37,1486.19,1602.28,1362.23,1364.97,1248.77,1387.85,1482.29,1520.5,1387.07,1465.78,1579.14,1379.91,1423.93,1319.37,1478.22,1380.37
52,52,2014-12-19,1508.36,1700.67,1617.07,1596.89,1568.45,1671.45,1593.71,1653.75,1462.5,1417.1,1670.58,1641.42,1405.63,1601.37,1505.88,1602.28,1362.23,1363.35,1248.77,1387.85,1482.29,1520.5,1387.07,1465.78,1576.49,1379.91,1418.1,1319.37,1478.22,1380.37
53,53,2014-12-20,1511.78,1700.67,1617.07,1596.89,1573.23,1658.19,1606.97,1646.53,1459.08,1417.1,1654.89,1657.11,1413.31,1601.37,1505.88,1606.96,1354.55,1363.35,1235.61,1385.02,1482.29,1520.5,1400.23,1461.0,1579.32,1391.63,1418.1,1314.69,1485.44,1368.65
54,54,2014-12-21,1511.78,1700.67,1604.67,1609.29,1573.23,1658.19,1606.97,1647.84,1459.08,1415.79,1648.43,1673.28,1413.31,1607.83,1489.71,1606.96,1354.55,1355.56,1235.61,1385.02,1478.62,1528.29,1410.0,1461.0,1579.32,1381.86,1418.1,1314.69,1489.11,1368.65
55,55,2014-12-22,1526.91,1700.67,1604.67,1609.29,1554.87,1643.06,1606.97,1647.84,1461.4,1415.79,1648.43,1673.28,1405.78,1607.83,1498.24,1608.85,1348.77,1353.67,1253.3,1380.19,1484.4,1546.65,1410.0,1468.53,1570.79,1381.86,1422.93,1312.37,1489.11,1350.96
56,56,2014-12-23,1526.91,1703.24,1616.62,1617.04,1554.87,1623.73,1613.51,1642.25,1461.4,1415.79,1654.02,1661.33,1405.78,1600.08,1498.24,1602.31,1348.77,1353.67,1253.3,1380.19,1484.4,1546.65,1429.23,1468.53,1570.79,1401.19,1420.36,1312.37,1469.88,1350.96
57,57,2014-12-24,1531.56,1683.46,1616.62,1621.2,1544.37,1623.73,1624.01,1638.09,1466.75,1404.54,1654.02,1667.88,1399.87,1591.95,1490.0,1602.31,1344.12,1353.67,1267.84,1399.97,1492.64,1554.78,1440.48,1453.99,1564.24,1401.19,1420.36,1312.37,1464.53,1356.87
58,58,2014-12-25,1531.56,1683.46,1616.62,1621.2,1544.37,1623.73,1624.01,1638.09,1466.75,1404.54,1654.02,1667.88,1399.87,1591.95,1490.0,1602.31,1344.12,1353.67,1267.84,1399.97,1492.64,1554.78,1440.48,1453.99,1564.24,1401.19,1420.36,1312.37,1464.53,1356.87
59,59,2014-12-26,1522.02,1673.06,1616.62,1621.2,1552.02,1623.73,1627.5,1648.49,1466.75,1404.54,1637.99,1667.88,1399.87,1591.95,1490.0,1602.31,1344.12,1346.02,1267.84,1396.48,1492.64,1554.78,1440.48,1463.53,1580.27,1401.19,1420.36,1312.37,1464.53,1356.87
60,60,2014-12-27,1529.56,1673.06,1627.61,1570.78,1552.02,1612.74,1627.5,1648.49,1472.19,1454.96,1628.04,1669.17,1394.43,1593.53,1499.95,1602.31,1341.76,1346.02,1266.55,1394.9,1479.03,1563.32,1434.39,1463.53,1586.36,1401.19,1411.82,1325.98,1466.89,1349.33
61,61,2014-12-28,1529.56,1674.46,1627.61,1577.41,1555.78,1620.25,1630.52,1630.07,1446.05,1448.33,1628.04,1669.17,1390.67,1593.53,1496.93,1620.73,1340.36,1342.22,1261.48,1394.9,1505.17,1563.32,1418.54,1456.02,1586.36,1406.26,1415.62,1325.98,1466.89,1365.18
62,62,2014-12-29,1488.91,1674.46,1623.4,1577.41,1555.78,1620.25,1630.52,1630.07,1446.05,1448.33,1632.25,1671.23,1390.67,1598.07,1496.93,1631.16,1340.36,1340.16,1261.48,1387.47,1505.17,1570.75,1418.54,1456.02,1581.82,1406.26,1415.62,1366.63,1456.46,1365.18
63,63,2014-12-30,1488.91,1674.46,1616.64,1577.41,1562.54,1620.25,1634.91,1631.42,1451.32,1461.52,1632.25,1671.23,1390.67,1598.07,1496.93,1631.16,1340.36,1340.16,1261.48,1387.47,1500.78,1570.75,1405.35,1448.86,1581.82,1404.91,1410.35,1366.63,1456.46,1372.34
64,64,2014-12-31,1484.93,1676.36,1616.64,1581.39,1551.05,1626.63,1607.08,1631.42,1479.15,1461.52,1625.87,1675.14,1390.67,1609.56,1502.66,1627.25,1336.54,1340.16,1259.58,1402.71,1500.78,1565.02,1405.35,1448.86,1581.82,1408.73,1410.35,1392.19,1441.22,1346.78
65,65,2015-01-01,1464.01,1676.36,1620.26,1581.39,1551.05,1626.63,1607.08,1633.88,1479.15,1482.44,1627.65,1675.14,1403.39,1609.56,1500.88,1627.25,1336.54,1337.7,1259.58,1402.71,1506.56,1561.56,1401.73,1443.08,1585.28,1408.73,1397.63,1392.19,1441.22,1346.78
66,66,2015-01-02,1464.01,1676.36,1620.26,1581.39,1551.05,1626.63,1609.15,1633.88,1479.15,1482.44,1627.65,1675.14,1403.39,1609.56,1500.88,1627.25,1330.13,1337.7,1259.58,1402.71,1506.56,1561.56,1401.73,1443.08,1585.28,1408.73,1404.04,1392.19,1439.15,1346.78
67,67,2015-01-03,1471.24,1685.37,1597.96,1587.19,1546.25,1629.98,1609.15,1633.88,1483.42,1475.21,1627.65,1675.14,1393.51,1619.44,1523.18,1618.24,1330.13,1321.21,1257.67,1399.36,1513.79,1563.47,1394.5,1443.08,1590.08,1402.93,1404.04,1408.68,1439.15,1342.51
68,68,2015-01-04,1471.24,1685.37,1605.74,1603.15,1541.82,1601.09,1610.72,1636.07,1483.42,1475.21,1632.08,1659.18,1391.94,1619.44,1523.18,1618.24,1317.31,1321.21,1255.48,1399.36,1513.79,1563.47,1405.24,1435.3,1590.08,1415.75,1404.04,1408.68,1468.04,1331.77
69,69,2015-01-05,1458.12,1685.37,1605.74,1603.15,1541.82,1601.09,1610.72,1636.07,1478.25,1485.14,1632.08,1659.18,1391.94,1632.56,1523.18,1606.43,1317.31,1311.28,1255.48,1403.62,1509.53,1575.28,1405.24,1440.47,1590.08,1415.75,1393.72,1419.0,1468.04,1331.77
70,70,2015-01-06,1450.28,1693.73,1599.39,1618.02,1552.89,1603.65,1617.07,1621.2,1470.9,1485.14,1632.08,1660.31,1378.92,1639.91,1512.11,1606.43,1309.31,1308.72,1263.32,1402.49,1516.0,1575.28,1418.26,1440.47,1581.72,1409.28,1393.72,1419.0,1476.04,1331.77
71,71,2015-01-07,1450.28,1693.73,1599.39,1618.02,1552.89,1603.65,1617.07,1621.2,1470.9,1477.12,1622.82,1660.31,1378.92,1639.91,1512.11,1606.43,1309.31,1308.72,1263.32,1402.49,1516.0,1583.3,1418.26,1440.47,1581.72,1409.28,1393.72,1428.26,1476.04,1331.77
72,72,2015-01-08,1440.66,1697.43,1609.01,1624.51,1554.86,1597.16,1579.92,1625.41,1454.78,1487.38,1622.82,1660.31,1395.04,1611.92,1505.93,1606.43,1307.03,1306.75,1253.06,1398.28,1512.3,1585.58,1424.44,1440.47,1558.97,1446.43,1416.47,1456.25,1477.88,1329.93
73,73,2015-01-09,1440.66,1697.43,1616.64,1624.51,1554.86,1597.16,1579.92,1625.41,1454.78,1487.38,1622.82,1663.38,1395.04,1611.92,1505.93,1586.84,1307.03,1299.12,1253.06,1398.28,1512.3,1585.58,1444.03,1437.4,1558.97,1446.43,1416.47,1456.25,1477.88,1329.93
74,74,2015-01-10,1437.97,1700.12,1616.64,1628.78,1565.31,1586.5,1569.47,1625.41,1443.95,1490.87,1626.78,1663.38,1392.64,1611.92,1516.59,1586.84,1303.54,1299.12,1263.89,1405.38,1514.7,1581.62,1444.03,1437.4,1561.7,1443.7,1404.58,1451.98,1489.77,1322.83
75,75,2015-01-11,1437.97,1700.12,1620.44,1628.78,1565.31,1586.5,1573.66,1635.69,1439.42,1486.68,1631.73,1664.57,1389.56,1601.64,1516.59,1589.92,1298.59,1281.62,1270.37,1405.38,1508.22,1581.62,1461.53,1437.4,1561.7,1439.9,1404.58,1456.51,1489.77,1321.64
76,76,2015-01-12,1425.8,1700.12,1620.44,1639.9,1554.19,1594.09,1573.66,1607.05,1439.42,1486.68,1631.73,1670.47,1389.56,1601.64,1516.59,1589.92,1298.59,1281.62,1270.37,1399.48,1508.22,1574.03,1461.53,1466.04,1561.7,1439.9,1416.75,1456.51,1489.77,1321.64
77,77,2015-01-13,1425.8,1700.12,1629.75,1639.9,1554.19,1594.09,1552.97,1607.05,1430.11,1486.68,1631.73,1670.47,1399.56,1601.64,1506.59,1579.02,1298.59,1281.62,1270.37,1399.48,1508.22,1574.03,1461.53,1466.04,1561.7,1439.9,1416.75,1467.41,1489.77,1342.33
78,78,2015-01-14,1423.09,1705.67,1629.75,1644.28,1562.53,1594.09,1552.97,1607.05,1430.11,1486.68,1623.39,1670.47,1399.56,1606.14,1506.59,1579.02,1320.74,1281.62,1265.99,1393.18,1486.07,1576.74,1461.53,1472.34,1561.7,1434.35,1412.25,1467.41,1489.77,1342.33
79,79,2015-01-15,1423.09,1708.39,1614.98,1651.27,1572.99,1602.66,1542.51,1619.85,1421.54,1486.68,1628.91,1657.67,1392.57,1597.21,1520.17,1580.81,1320.74,1281.62,1264.2,1393.18,1486.07,1576.74,1456.01,1469.62,1561.7,1434.35,1412.25,1453.83,1498.7,1357.1
80,80,2015-01-16,1433.78,1708.39,1620.72,1651.27,1572.99,1602.66,1542.51,1619.85,1421.54,1490.01,1628.91,1657.67,1392.57,1597.21,1520.17,1580.81,1320.74,1278.29,1264.2,1382.49,1486.07,1576.74,1456.01,1469.62,1555.96,1434.35,1412.25,1453.83,1498.7,1357.1
81,81,2015-01-17,1449.08,1694.43,1620.72,1670.1,1537.5,1608.27,1554.1,1604.55,1457.03,1490.01,1638.62,1647.96,1380.98,1601.0,1498.31,1561.98,1318.78,1278.29,1286.06,1377.38,1478.7,1578.7,1456.01,1483.14,1569.92,1439.46,1398.73,1461.2,1494.91,1351.49
82,82,2015-01-18,1449.08,1715.49,1599.66,1678.65,1547.94,1613.27,1545.55,1610.87,1446.59,1490.01,1638.62,1642.96,1380.98,1601.0,1498.31,1561.98,1338.14,1278.29,1281.81,1377.38,1471.54,1578.7,1463.17,1483.14,1569.92,1439.46,1392.41,1465.45,1475.55,1351.49
83,83,2015-01-19,1449.08,1715.49,1599.66,1678.65,1547.94,1613.27,1545.55,1610.87,1446.59,1490.01,1642.63,1642.96,1380.98,1601.0,1506.31,1553.98,1338.14,1278.29,1281.81,1377.38,1471.54,1578.7,1463.17,1483.14,1582.68,1435.45,1392.41,1465.45,1475.55,1338.73
84,84,2015-01-20,1461.78,1721.04,1603.83,1681.14,1552.04,1600.18,1532.85,1612.88,1446.59,1483.66,1642.63,1644.12,1378.97,1614.09,1493.63,1560.33,1331.16,1290.97,1277.71,1374.13,1467.37,1581.95,1470.15,1483.14,1582.68,1435.45,1391.25,1462.96,1470.0,1338.73
85,85,2015-01-21,1461.78,1721.04,1603.83,1681.14,1552.04,1600.18,1532.85,1612.88,1446.59,1483.66,1650.42,1644.12,1378.97,1614.09,1493.63,1560.33,1331.16,1290.97,1277.71,1374.13,1467.37,1581.95,1470.15,1474.05,1591.77,1435.45,1391.25,1462.96,1462.21,1338.73
86,86,2015-01-22,1469.39,1725.69,1599.18,1684.71,1546.09,1604.48,1532.85,1612.88,1453.13,1483.66,1650.42,1638.03,1378.97,1622.24,1498.9,1556.03,1323.01,1302.22,1266.46,1368.86,1463.8,1588.04,1473.43,1470.77,1597.72,1427.84,1384.71,1466.76,1462.21,1334.93
87,87,2015-01-23,1469.39,1725.69,1599.18,1684.71,1546.09,1604.48,1552.1,1620.92,1445.09,1475.82,1631.17,1627.96,1389.04,1622.24,1498.9,1556.03,1323.01,1302.22,1266.46,1368.86,1463.8,1588.04,1473.43,1470.77,1597.72,1435.68,1384.71,1466.76,1462.21,1334.93
88,88,2015-01-24,1487.38,1727.76,1605.68,1689.3,1546.09,1604.48,1562.74,1620.92,1445.09,1475.82,1633.37,1627.96,1395.89,1611.6,1505.62,1559.1,1316.29,1308.68,1263.39,1366.66,1460.68,1581.54,1455.44,1473.89,1593.13,1435.68,1382.64,1466.76,1455.36,1328.47
89,89,2015-01-25,1487.38,1727.76,1605.68,1689.3,1542.27,1606.13,1562.74,1620.92,1428.09,1484.44,1633.37,1631.78,1395.89,1611.6,1505.62,1559.1,1316.29,1306.39,1261.74,1366.66,1460.68,1581.54,1457.73,1473.89,1593.13,1452.68,1382.64,1458.14,1455.36,1328.47
90,90,2015-01-26,1497.98,1728.4,1612.17,1690.34,1547.34,1606.13,1542.24,1641.11,1428.09,1481.96,1635.85,1631.78,1395.25,1605.89,1511.33,1561.71,1315.25,1306.39,1261.74,1360.17,1468.12,1561.35,1457.73,1494.39,1582.53,1452.68,1382.64,1455.53,1450.29,1321.03
91,91,2015-01-27,1497.98,1728.4,1612.17,1690.34,1547.34,1607.59,1542.24,1642.73,1428.09,1481.96,1635.85,1631.78,1411.11,1605.89,1514.86,1561.71,1313.74,1306.39,1258.21,1360.17,1468.12,1561.35,1457.73,1494.39,1584.04,1436.82,1382.64,1455.53,1448.67,1319.57
92,92,2015-01-28,1509.06,1717.89,1612.17,1690.34,1552.79,1629.48,1552.75,1642.73,1428.09,1494.1,1635.85,1631.78,1411.11,1584.0,1514.86,1574.25,1313.74,1306.39,1258.21,1354.72,1455.58,1561.35,1457.73,1482.25,1584.04,1436.82,1382.64,1444.45,1448.67,1319.57
93,93,2015-01-29,1516.7,1717.89,1616.3,1692.23,1546.96,1629.48,1552.75,1647.3,1426.2,1494.1,1638.52,1624.14,1399.59,1579.87,1499.73,1577.99,1325.26,1321.96,1280.08,1354.72,1455.58,1567.18,1455.06,1482.25,1568.47,1432.25,1378.9,1422.58,1463.8,1319.57
94,94,2015-01-30,1516.7,1717.89,1616.3,1692.23,1546.96,1635.9,1543.01,1647.3,1426.2,1504.12,1638.52,1624.14,1399.59,1579.87,1499.73,1577.99,1325.26,1316.06,1280.08,1364.46,1461.48,1567.18,1455.06,1482.25,1568.47,1432.25,1378.9,1422.58,1457.38,1309.55
95,95,2015-01-31,1520.45,1699.75,1621.08,1695.98,1546.96,1635.9,1538.39,1638.99,1420.44,1504.12,1638.52,1620.39,1394.81,1596.97,1508.04,1583.75,1317.39,1316.06,1287.95,1364.46,1461.48,1571.8,1455.06,1465.15,1568.47,1450.39,1375.15,1422.58,1457.38,1309.55
96,96,2015-02-01,1529.69,1705.42,1604.11,1696.54,1539.1,1641.26,1538.39,1661.75,1420.44,1513.04,1615.76,1611.47,1394.81,1602.91,1508.04,1591.61,1308.15,1316.06,1287.39,1364.46,1449.16,1566.13,1476.4,1465.15,1563.11,1450.39,1387.47,1439.55,1436.04,1303.61
97,97,2015-02-02,1529.69,1705.42,1604.11,1696.54,1539.1,1641.26,1538.39,1661.75,1420.44,1513.04,1615.76,1611.47,1384.72,1602.91,1508.04,1591.61,1308.15,1325.59,1287.39,1354.93,1449.16,1566.13,1476.4,1475.24,1563.11,1450.39,1387.47,1439.55,1436.04,1303.61
98,98,2015-02-03,1532.04,1705.42,1604.11,1678.44,1528.65,1645.68,1538.39,1654.2,1427.99,1527.5,1615.76,1611.47,1384.72,1604.01,1526.14,1577.15,1307.05,1325.59,1285.04,1354.93,1449.16,1561.71,1486.85,1475.24,1564.57,1450.39,1387.47,1439.55,1436.04,1302.15
99,99,2015-02-04,1532.04,1712.67,1604.11,1678.44,1528.65,1645.68,1538.39,1654.2,1427.99,1527.5,1615.76,1612.69,1397.44,1604.01,1526.14,1577.15,1307.05,1312.87,1295.09,1354.93,1449.16,1561.71,1486.85,1463.86,1564.57,1449.17,1380.22,1450.93,1425.99,1302.15
100,100,2015-02-05,1532.04,1717.77,1609.52,1681.55,1525.54,1652.7,1532.98,1654.2,1456.35,1530.07,1616.83,1612.69,1402.21,1598.91,1512.53,1548.79,1311.97,1312.87,1295.09,1352.36,1453.89,1561.71,1486.85,1458.94,1578.18,1442.15,1380.22,1446.2,1421.22,1301.08
101,101,2015-02-06,1543.96,1717.77,1609.52,1681.55,1518.92,1652.7,1532.98,1642.28,1456.35,1530.07,1616.83,1621.62,1402.21,1609.98,1512.53,1548.79,1311.97,1312.87,1295.09,1352.36,1453.89,1552.78,1493.47,1458.94,1578.18,1442.15,1369.15,1446.2,1421.22,1301.08
102,102,2015-02-07,1537.86,1710.7,1613.07,1688.62,1518.92,1644.69,1532.98,1628.56,1458.44,1526.52,1620.58,1621.62,1406.61,1609.98,1521.83,1562.51,1319.98,1310.78,1290.69,1345.95,1459.99,1556.08,1493.47,1455.19,1568.88,1438.85,1369.15,1452.38,1415.04,1307.49
103,103,2015-02-08,1537.86,1713.83,1613.07,1688.62,1531.77,1644.69,1565.93,1628.56,1445.59,1528.61,1620.58,1614.34,1404.52,1617.26,1488.88,1562.51,1319.98,1307.65,1303.43,1345.95,1459.99,1556.08,1480.73,1455.19,1568.88,1444.45,1363.55,1452.38,1415.04,1307.49
104,104,2015-02-09,1541.29,1713.83,1597.81,1682.4,1531.77,1650.91,1567.99,1613.08,1445.59,1528.61,1614.59,1629.6,1404.52,1617.26,1488.88,1568.5,1341.41,1307.65,1303.43,1342.52,1465.96,1549.5,1474.76,1455.19,1584.36,1444.45,1370.13,1430.95,1415.04,1305.43
105,105,2015-02-10,1541.29,1715.45,1597.81,1686.3,1534.73,1650.91,1567.99,1633.71,1442.1,1532.1,1618.59,1629.6,1404.52,1596.63,1478.92,1568.5,1337.51,1303.49,1301.81,1342.52,1461.96,1549.5,1474.76,1459.35,1592.26,1454.41,1370.13,1430.95,1407.14,1302.47
106,106,2015-02-11,1541.29,1715.45,1609.46,1686.3,1534.73,1653.17,1571.74,1633.71,1439.84,1532.1,1618.59,1629.6,1404.52,1596.63,1478.92,1568.5,1337.51,1303.49,1301.81,1330.76,1461.96,1537.85,1442.05,1459.35,1592.26,1454.41,1366.38,1463.66,1418.9,1302.47
107,107,2015-02-12,1548.72,1716.99,1601.42,1679.3,1531.97,1641.07,1571.74,1641.75,1439.84,1534.77,1630.42,1631.55,1411.52,1598.97,1461.02,1571.26,1335.97,1298.31,1301.81,1328.81,1479.86,1537.85,1442.05,1451.92,1604.36,1452.07,1363.71,1451.83,1418.9,1307.65
108,108,2015-02-13,1540.63,1716.99,1601.42,1679.3,1531.97,1641.07,1579.83,1641.75,1439.84,1534.77,1630.42,1631.55,1411.52,1598.97,1461.02,1571.26,1335.97,1298.31,1301.81,1328.81,1479.86,1537.85,1442.05,1451.92,1604.36,1452.07,1363.71,1451.83,1418.9,1307.65
109,109,2015-02-14,1540.63,1716.99,1601.42,1679.3,1531.97,1641.07,1579.83,1641.75,1439.84,1534.77,1630.42,1631.55,1411.52,1598.97,1461.02,1571.26,1335.97,1298.31,1301.81,1328.81,1479.86,1537.85,1442.05,1451.92,1604.36,1452.07,1363.71,1451.83,1418.9,1307.65
110,110,2015-02-15,1540.63,1716.99,1601.42,1679.3,1531.97,1641.07,1579.83,1641.75,1439.84,1534.77,1630.42,1631.55,1411.52,1598.97,1461.02,1571.26,1335.97,1298.31,1301.81,1328.81,1479.86,1537.85,1442.05,1451.92,1604.36,1452.07,1363.71,1451.83,1418.9,1307.65
111,111,2015-02-16,1540.63,1716.99,1601.42,1679.3,1531.97,1641.07,1579.83,1641.75,1439.84,1534.77,1630.42,1631.55,1411.52,1598.97,1461.02,1571.26,1335.97,1298.31,1301.81,1328.81,1479.86,1537.85,1442.05,1451.92,1604.36,1452.07,1363.71,1451.83,1418.9,1307.65
112,112,2015-02-17,1540.63,1716.99,1601.42,1679.3,1531.97,1641.07,1579.83,1641.75,1439.84,1534.77,1630.42,1631.55,1411.52,1598.97,1461.02,1571.26,1335.97,1298.31,1301.81,1328.81,1479.86,1537.85,1442.05,1451.92,1604.36,1452.07,1363.71,1451.83,1418.9,1307.65
113,113,2015-02-18,1540.63,1716.99,1601.42,1679.3,1531.97,1641.07,1579.83,1641.75,1439.84,1534.77,1630.42,1631.55,1411.52,1598.97,1461.02,1571.26,1335.97,1298.31,1301.81,1328.81,1479.86,1537.85,1442.05,1451.92,1604.36,1452.07,1363.71,1451.83,1418.9,1307.65
114,114,2015-02-19,1540.63,1716.99,1601.42,1679.3,1531.97,1641.07,1579.83,1641.75,1439.84,1534.77,1630.42,1631.55,1411.52,1598.97,1461.02,1571.26,1335.97,1298.31,1301.81,1328.81,1479.86,1537.85,1442.05,1451.92,1604.36,1452.07,1363.71,1451.83,1418.9,1307.65
115,115,2015-02-20,1540.63,1716.99,1601.42,1679.3,1531.97,1641.07,1579.83,1645.76,1439.84,1534.77,1626.41,1631.55,1411.52,1590.21,1461.02,1571.26,1335.97,1298.31,1301.81,1328.81,1479.86,1537.85,1442.05,1451.92,1613.12,1452.07,1363.71,1451.83,1418.9,1307.65
116,116,2015-02-21,1575.9,1721.77,1593.71,1643.97,1496.7,1641.07,1569.07,1645.76,1449.18,1538.24,1621.63,1613.16,1404.1,1597.92,1447.76,1606.59,1342.73,1283.19,1293.74,1319.47,1487.93,1531.09,1442.05,1467.04,1613.12,1470.46,1371.13,1462.59,1415.43,1320.91
117,117,2015-02-22,1575.9,1721.77,1606.06,1643.97,1496.7,1641.07,1573.02,1648.99,1449.18,1538.24,1621.63,1613.16,1404.1,1597.92,1466.68,1594.24,1342.73,1283.19,1293.74,1319.47,1487.93,1527.14,1435.7,1448.12,1619.47,1470.46,1367.9,1462.59,1415.43,1320.91
118,118,2015-02-23,1582.45,1709.93,1606.06,1654.75,1485.39,1650.95,1573.02,1648.99,1449.18,1527.46,1621.63,1603.28,1396.16,1601.22,1466.68,1594.24,1342.73,1276.64,1289.59,1327.41,1499.77,1527.14,1432.4,1448.12,1624.04,1470.46,1367.9,1473.9,1410.86,1325.06
119,119,2015-02-24,1582.45,1709.93,1607.94,1654.75,1485.39,1658.68,1580.63,1641.26,1474.9,1519.85,1610.0,1603.28,1409.81,1601.22,1472.85,1588.07,1340.85,1276.64,1286.23,1327.41,1499.77,1513.49,1432.4,1451.48,1624.04,1482.09,1367.9,1473.9,1385.14,1325.06
120,120,2015-02-25,1591.88,1714.95,1607.94,1654.75,1480.37,1658.68,1580.63,1641.26,1474.9,1519.85,1610.0,1603.28,1409.81,1606.51,1472.85,1582.78,1340.85,1276.64,1286.23,1327.41,1495.29,1513.49,1432.4,1451.48,1628.52,1482.09,1367.9,1464.47,1385.14,1325.06
121,121,2015-02-26,1591.88,1714.95,1613.35,1662.57,1461.54,1638.08,1557.2,1635.85,1469.7,1522.69,1600.35,1612.93,1415.73,1598.69,1478.05,1582.78,1359.68,1270.72,1283.39,1338.82,1495.29,1525.04,1455.83,1456.54,1628.52,1470.68,1388.5,1464.47,1373.59,1320.0
122,122,2015-02-27,1603.84,1702.99,1613.35,1662.57,1461.54,1638.08,1557.2,1635.85,1469.7,1522.69,1600.35,1612.93,1415.73,1598.69,1478.05,1582.78,1359.68,1270.72,1283.39,1338.82,1495.29,1531.45,1455.83,1456.54,1622.11,1470.68,1388.5,1464.47,1373.59,1320.0
123,123,2015-02-28,1595.16,1720.25,1615.44,1663.47,1449.71,1616.75,1559.28,1657.18,1467.61,1510.65,1607.31,1616.81,1422.92,1598.69,1480.97,1565.52,1357.6,1287.79,1295.22,1350.86,1503.97,1531.45,1448.64,1453.62,1618.23,1488.38,1381.54,1447.4,1355.89,1319.1
124,124,2015-03-01,1595.16,1720.25,1615.44,1666.55,1453.88,1619.96,1559.28,1657.18,1487.75,1504.47,1629.4,1616.81,1422.92,1578.55,1480.97,1553.45,1354.39,1299.86,1295.22,1350.86,1503.97,1509.36,1448.64,1450.54,1618.23,1494.56,1381.54,1443.23,1355.89,1319.1
125,125,2015-03-02,1592.22,1723.2,1618.38,1666.55,1453.88,1619.96,1548.82,1667.64,1487.75,1504.47,1629.4,1623.06,1419.97,1578.55,1488.62,1553.45,1354.39,1299.86,1291.42,1346.76,1507.77,1509.36,1460.68,1450.54,1622.33,1494.56,1375.29,1443.23,1348.24,1307.06
126,126,2015-03-03,1592.22,1715.77,1618.38,1666.55,1453.88,1619.96,1548.82,1670.36,1495.18,1504.47,1629.4,1623.06,1419.97,1582.79,1484.38,1558.96,1351.67,1299.86,1285.91,1346.76,1507.77,1496.85,1460.68,1463.05,1622.33,1494.56,1375.29,1443.23,1348.24,1307.06
127,127,2015-03-04,1598.57,1715.77,1613.53,1671.4,1450.89,1598.86,1551.81,1670.36,1495.18,1491.09,1629.4,1623.06,1413.62,1582.79,1484.38,1558.96,1351.67,1271.45,1285.91,1345.2,1507.77,1496.85,1462.24,1463.05,1622.33,1515.66,1403.7,1443.23,1361.62,1307.06
128,128,2015-03-05,1609.75,1717.84,1606.52,1671.4,1450.89,1605.87,1551.81,1659.19,1466.74,1489.02,1633.67,1634.23,1417.69,1582.79,1487.47,1547.78,1333.48,1267.86,1285.13,1342.28,1511.36,1501.76,1490.68,1465.97,1623.11,1511.59,1399.43,1440.14,1379.81,1302.15
129,129,2015-03-06,1609.75,1717.84,1606.52,1671.4,1450.89,1605.87,1556.82,1659.19,1466.74,1489.02,1633.67,1642.55,1417.69,1574.47,1487.47,1547.78,1333.48,1267.86,1285.13,1342.28,1511.36,1501.76,1490.68,1465.97,1618.1,1511.59,1399.43,1440.14,1379.81,1302.15
130,130,2015-03-07,1604.87,1722.3,1609.56,1676.28,1454.33,1607.3,1546.41,1659.19,1455.39,1489.02,1635.42,1642.55,1430.69,1570.01,1474.47,1539.53,1333.48,1267.86,1280.56,1340.85,1521.77,1513.11,1498.93,1462.53,1618.1,1516.16,1392.46,1437.1,1378.06,1309.12
131,131,2015-03-08,1609.35,1722.3,1616.99,1656.16,1449.93,1598.61,1546.41,1659.19,1455.39,1493.42,1635.42,1625.78,1430.69,1570.01,1483.16,1539.53,1350.25,1263.84,1300.68,1340.85,1525.79,1508.63,1498.93,1465.91,1618.1,1516.16,1389.08,1437.1,1370.63,1309.12
132,132,2015-03-09,1609.35,1726.82,1616.99,1656.16,1449.93,1598.61,1541.59,1654.67,1445.73,1493.42,1640.24,1625.78,1423.09,1574.92,1483.16,1536.61,1350.25,1263.84,1300.68,1335.94,1525.79,1508.63,1508.56,1465.91,1621.02,1525.82,1389.08,1427.47,1370.63,1316.72
133,133,2015-03-10,1609.35,1736.18,1616.99,1659.36,1482.16,1610.68,1529.52,1656.31,1445.73,1477.63,1640.24,1625.78,1439.37,1574.92,1498.95,1536.61,1348.61,1255.52,1300.68,1335.94,1525.79,1499.27,1476.33,1449.63,1621.02,1525.82,1385.88,1427.47,1378.95,1316.72
134,134,2015-03-11,1638.7,1736.18,1616.99,1659.36,1482.16,1610.68,1529.52,1656.31,1426.44,1477.63,1644.46,1625.78,1439.37,1545.57,1518.24,1532.39,1348.61,1254.37,1300.68,1344.74,1531.1,1499.27,1476.33,1449.63,1621.02,1526.97,1385.88,1418.67,1378.95,1311.41
135,135,2015-03-12,1638.7,1737.23,1612.48,1638.21,1482.16,1603.55,1535.21,1670.84,1421.8,1479.89,1644.46,1630.29,1446.5,1545.57,1518.24,1532.39,1345.51,1254.37,1294.99,1344.74,1531.1,1502.37,1461.45,1454.27,1606.49,1526.97,1400.76,1417.62,1400.1,1309.15
136,136,2015-03-13,1646.61,1737.23,1598.05,1638.21,1499.85,1585.86,1535.21,1670.84,1421.8,1475.82,1636.55,1630.29,1446.5,1545.57,1518.24,1532.39,1345.51,1269.25,1294.99,1329.86,1535.17,1502.37,1461.45,1454.27,1606.49,1541.4,1400.76,1417.62,1400.1,1309.15
137,137,2015-03-14,1646.61,1715.58,1598.05,1646.7,1499.85,1585.86,1525.81,1646.9,1421.8,1475.82,1636.55,1633.88,1449.37,1569.51,1518.24,1537.19,1343.29,1269.25,1303.58,1329.86,1535.17,1493.88,1470.85,1449.47,1608.71,1541.4,1392.17,1414.03,1421.75,1306.28
138,138,2015-03-15,1646.61,1716.87,1598.05,1646.7,1505.45,1590.68,1525.81,1646.9,1429.66,1471.0,1636.55,1633.88,1460.43,1569.51,1518.24,1537.19,1343.29,1267.96,1295.72,1329.86,1524.11,1493.88,1470.85,1449.47,1608.71,1543.41,1386.57,1412.02,1421.75,1306.28
139,139,2015-03-16,1651.14,1716.87,1605.75,1649.37,1505.45,1590.68,1521.42,1639.2,1429.66,1471.0,1639.37,1648.11,1460.43,1569.51,1503.15,1522.96,1340.47,1265.38,1295.72,1327.19,1524.11,1496.46,1470.85,1449.47,1613.1,1543.41,1386.57,1412.02,1436.84,1301.75
140,140,2015-03-17,1633.16,1717.32,1605.75,1653.56,1516.0,1594.13,1521.42,1639.2,1444.28,1471.0,1639.37,1637.56,1465.1,1574.59,1503.15,1545.03,1325.85,1265.38,1291.05,1326.74,1502.04,1496.46,1460.97,1467.45,1608.02,1553.29,1382.38,1412.02,1433.39,1301.75
141,141,2015-03-18,1633.16,1717.32,1607.4,1653.56,1516.0,1580.45,1521.42,1641.51,1444.28,1468.67,1625.94,1637.56,1465.1,1574.59,1505.48,1545.03,1325.85,1278.81,1291.05,1326.74,1502.04,1496.46,1458.66,1467.45,1608.02,1553.29,1382.38,1425.7,1433.39,1300.1
142,142,2015-03-19,1638.12,1725.16,1607.4,1645.72,1525.77,1580.45,1530.37,1647.09,1439.32,1459.86,1634.75,1629.53,1463.0,1575.71,1505.48,1546.57,1324.31,1278.81,1303.5,1326.74,1493.09,1496.46,1458.66,1475.48,1610.12,1543.52,1376.8,1413.25,1433.39,1298.98
143,143,2015-03-20,1638.12,1725.16,1610.31,1645.72,1525.77,1580.45,1530.37,1647.09,1439.32,1459.86,1634.75,1629.53,1463.0,1575.71,1502.13,1546.57,1331.06,1272.06,1303.5,1321.54,1493.09,1499.81,1458.66,1475.48,1610.12,1548.72,1376.8,1413.25,1430.48,1298.98
144,144,2015-03-21,1639.95,1728.17,1610.31,1638.67,1520.99,1595.56,1540.43,1651.87,1442.84,1456.34,1638.06,1613.22,1459.69,1560.6,1499.12,1536.51,1331.06,1263.93,1311.63,1321.54,1491.26,1499.81,1448.96,1483.42,1617.17,1548.72,1386.5,1413.25,1422.54,1315.29
145,145,2015-03-22,1639.95,1731.84,1585.36,1638.67,1520.99,1603.49,1524.94,1651.87,1461.36,1456.34,1638.06,1605.29,1459.69,1560.6,1499.12,1536.51,1331.06,1263.93,1311.63,1321.54,1472.74,1524.76,1448.96,1483.42,1617.17,1545.05,1386.5,1428.74,1422.54,1315.29
146,146,2015-03-23,1650.86,1731.84,1585.36,1616.63,1500.57,1603.49,1524.94,1654.52,1461.36,1445.43,1660.1,1605.29,1445.9,1554.59,1496.47,1538.88,1320.76,1261.56,1303.43,1329.74,1472.74,1530.77,1459.26,1478.12,1622.47,1545.05,1406.92,1442.53,1437.93,1299.9
147,147,2015-03-24,1650.86,1736.42,1595.26,1616.63,1495.99,1609.14,1530.66,1654.52,1438.36,1445.43,1660.1,1605.29,1468.9,1554.59,1496.47,1538.88,1332.06,1255.91,1303.43,1329.74,1462.84,1530.77,1453.54,1478.12,1622.47,1533.75,1406.92,1442.53,1437.93,1299.9
148,148,2015-03-25,1650.86,1747.85,1595.26,1616.63,1495.99,1609.14,1530.66,1654.52,1438.36,1448.53,1651.52,1593.86,1468.9,1563.17,1496.47,1532.64,1332.06,1255.91,1301.79,1328.25,1462.84,1530.77,1453.54,1475.02,1623.96,1533.75,1408.56,1448.77,1437.93,1299.9
149,149,2015-03-26,1672.28,1747.85,1600.11,1621.06,1488.61,1587.72,1547.81,1660.02,1446.49,1448.53,1667.12,1600.3,1457.4,1563.17,1491.62,1515.49,1325.26,1250.41,1327.02,1335.05,1470.22,1512.25,1445.41,1486.52,1608.36,1527.31,1427.08,1448.77,1412.7,1295.47
150,150,2015-03-27,1672.28,1747.85,1600.11,1621.06,1488.61,1587.72,1547.81,1660.02,1446.49,1453.16,1667.12,1600.3,1457.4,1563.17,1491.62,1515.49,1325.26,1250.41,1327.02,1335.05,1465.59,1512.25,1445.41,1486.52,1608.36,1527.31,1427.08,1448.77,1412.7,1295.47
151,151,2015-03-28,1658.68,1762.13,1601.76,1625.31,1491.67,1573.44,1547.81,1665.94,1460.09,1453.16,1673.3,1608.38,1461.49,1556.99,1497.97,1518.48,1323.61,1246.32,1321.1,1332.06,1465.59,1504.17,1442.35,1482.27,1608.36,1512.49,1420.73,1459.23,1427.52,1285.01
152,152,2015-03-29,1658.68,1766.98,1601.76,1607.51,1491.67,1573.44,1550.87,1665.94,1460.09,1448.31,1673.3,1610.47,1461.49,1556.99,1497.97,1518.48,1323.61,1243.26,1321.1,1332.06,1465.59,1504.17,1460.15,1482.27,1601.43,1519.42,1420.73,1459.23,1425.43,1285.01
153,153,2015-03-30,1659.13,1766.98,1610.51,1607.51,1482.92,1568.11,1550.87,1673.95,1463.35,1448.31,1678.63,1610.47,1453.48,1550.17,1502.88,1518.48,1318.7,1243.26,1320.65,1328.8,1472.41,1492.42,1460.15,1487.32,1613.18,1519.42,1420.73,1454.18,1425.43,1285.01
154,154,2015-03-31,1659.13,1766.98,1605.08,1611.24,1482.92,1572.28,1550.87,1673.95,1463.35,1444.58,1678.63,1617.29,1469.99,1550.17,1502.88,1523.91,1307.82,1243.26,1314.09,1335.36,1472.41,1485.6,1443.64,1487.32,1613.18,1530.3,1416.56,1454.18,1425.43,1285.01
155,155,2015-04-01,1659.13,1773.47,1605.08,1598.6,1482.92,1572.28,1550.87,1667.46,1468.23,1444.58,1687.54,1617.29,1469.99,1550.17,1502.88,1523.91,1307.82,1243.26,1314.09,1335.36,1467.53,1485.6,1443.64,1478.41,1613.18,1530.3,1416.56,1466.82,1425.43,1285.01
156,156,2015-04-02,1659.13,1773.47,1606.72,1598.6,1486.46,1572.28,1544.4,1674.99,1471.11,1451.05,1690.33,1609.76,1478.07,1560.62,1515.87,1531.89,1299.84,1240.38,1310.55,1322.37,1459.45,1485.6,1457.37,1478.41,1602.73,1535.5,1414.92,1453.09,1420.23,1282.22
157,157,2015-04-03,1664.47,1774.07,1616.86,1598.6,1486.46,1572.28,1544.4,1674.99,1471.11,1451.05,1690.33,1609.76,1478.07,1550.48,1515.87,1531.89,1299.84,1240.38,1310.55,1322.37,1459.45,1485.0,1457.37,1473.07,1602.73,1535.5,1414.92,1453.09,1420.23,1282.22
158,158,2015-04-04,1664.47,1774.07,1616.86,1598.6,1488.88,1579.18,1547.75,1674.99,1477.17,1465.68,1693.91,1619.41,1463.44,1550.48,1523.58,1525.83,1281.9,1237.96,1310.55,1312.72,1469.89,1485.0,1446.93,1473.07,1595.83,1535.5,1407.21,1449.74,1416.65,1300.16
159,159,2015-04-05,1664.47,1781.41,1616.86,1607.11,1506.09,1561.97,1547.75,1681.84,1468.66,1448.12,1693.91,1623.53,1470.11,1543.14,1519.46,1519.16,1281.9,1237.96,1309.16,1312.72,1469.89,1488.99,1448.32,1470.09,1595.83,1531.51,1407.21,1452.72,1409.8,1317.72
160,160,2015-04-06,1667.15,1768.56,1624.16,1607.11,1506.09,1561.97,1545.07,1687.84,1468.66,1448.12,1706.76,1623.53,1470.11,1543.14,1519.46,1519.16,1281.9,1247.26,1299.86,1306.72,1481.94,1488.99,1448.32,1458.04,1588.53,1538.57,1400.15,1452.72,1409.8,1317.72
161,161,2015-04-07,1667.15,1768.56,1624.16,1607.11,1506.09,1561.97,1545.07,1687.84,1481.21,1448.12,1706.76,1610.98,1470.11,1543.14,1519.46,1519.16,1281.9,1247.26,1299.86,1306.72,1481.94,1488.99,1448.32,1458.04,1588.53,1538.57,1400.15,1452.72,1409.8,1317.72
162,162,2015-04-08,1667.15,1759.64,1624.16,1614.76,1506.09,1561.97,1545.07,1688.44,1481.21,1448.12,1724.67,1610.98,1470.11,1543.14,1528.38,1519.16,1279.24,1247.26,1299.86,1306.12,1481.94,1481.34,1443.83,1462.53,1570.62,1538.57,1402.81,1452.72,1409.8,1317.72
163,163,2015-04-09,1671.46,1759.64,1619.35,1619.68,1519.92,1576.27,1537.8,1688.44,1476.29,1443.81,1729.48,1613.17,1483.82,1545.94,1514.08,1535.8,1277.05,1239.26,1286.03,1299.93,1489.94,1478.54,1427.19,1462.53,1570.62,1542.58,1398.8,1439.01,1415.99,1324.99
164,164,2015-04-10,1671.46,1763.22,1619.35,1619.68,1519.92,1576.27,1549.83,1688.44,1476.29,1443.81,1729.48,1609.59,1483.82,1545.94,1514.08,1535.8,1277.05,1239.26,1286.03,1299.93,1489.94,1478.54,1427.19,1450.5,1570.62,1542.58,1398.8,1439.01,1415.99,1324.99
165,165,2015-04-11,1650.23,1763.22,1615.46,1624.41,1499.44,1581.34,1549.83,1688.44,1496.77,1449.74,1733.37,1609.59,1505.05,1549.55,1521.71,1538.87,1271.59,1233.33,1286.03,1305.39,1497.45,1470.91,1422.46,1450.5,1574.1,1537.51,1395.32,1431.5,1412.38,1321.92
166,166,2015-04-12,1650.23,1763.64,1615.46,1624.41,1499.44,1577.71,1551.26,1692.07,1496.77,1449.74,1733.37,1596.51,1505.05,1549.55,1521.71,1544.7,1271.17,1240.45,1284.6,1305.39,1497.45,1470.91,1422.46,1444.67,1574.1,1550.59,1395.32,1431.5,1412.38,1314.8
167,167,2015-04-13,1619.16,1763.64,1619.06,1613.77,1510.08,1577.71,1551.26,1692.07,1482.06,1464.45,1735.78,1596.51,1536.12,1556.55,1518.11,1544.7,1271.17,1240.45,1284.6,1298.39,1508.11,1468.5,1405.48,1444.67,1563.44,1550.59,1388.52,1448.48,1419.18,1314.8
168,168,2015-04-14,1622.49,1765.3,1625.57,1594.67,1510.08,1576.05,1573.87,1693.43,1459.45,1472.0,1735.78,1588.05,1536.12,1546.53,1524.36,1544.7,1264.92,1259.55,1277.05,1293.87,1508.11,1468.5,1398.97,1447.66,1571.9,1560.61,1393.04,1445.15,1417.82,1311.81
169,169,2015-04-15,1622.49,1765.3,1625.57,1594.67,1505.83,1576.05,1573.87,1699.99,1459.45,1472.0,1735.78,1588.05,1539.46,1546.53,1524.36,1541.36,1264.92,1259.55,1277.05,1293.87,1512.36,1461.94,1398.97,1447.66,1571.9,1560.61,1393.04,1445.15,1417.82,1311.81
170,170,2015-04-16,1625.17,1766.18,1635.29,1589.03,1503.15,1581.82,1579.51,1699.99,1463.41,1464.1,1725.66,1576.86,1547.36,1557.72,1534.48,1543.7,1257.26,1247.12,1272.26,1275.75,1506.59,1461.94,1396.63,1452.45,1579.56,1550.89,1411.16,1457.58,1416.94,1307.85
171,171,2015-04-17,1625.17,1766.18,1635.29,1589.03,1503.15,1581.82,1579.51,1699.99,1463.41,1464.1,1725.66,1576.86,1547.36,1557.72,1534.48,1543.7,1257.26,1247.12,1272.26,1275.75,1506.59,1461.94,1396.63,1452.45,1579.56,1550.89,1411.16,1457.58,1416.94,1307.85
172,172,2015-04-18,1625.17,1766.18,1635.29,1589.03,1503.15,1581.82,1579.51,1699.99,1463.41,1464.1,1725.66,1576.86,1547.36,1557.72,1534.48,1543.7,1257.26,1247.12,1272.26,1275.75,1506.59,1461.94,1396.63,1452.45,1579.56,1550.89,1411.16,1457.58,1416.94,1307.85
173,173,2015-04-19,1625.17,1767.9,1640.1,1589.03,1516.27,1581.82,1583.97,1699.99,1463.41,1459.64,1725.66,1576.86,1547.36,1552.91,1532.76,1530.58,1257.26,1247.12,1272.26,1275.75,1506.59,1461.94,1396.63,1452.45,1579.56,1550.89,1411.16,1457.58,1416.94,1307.85
174,174,2015-04-20,1630.84,1767.9,1640.1,1592.09,1516.27,1590.21,1583.97,1710.02,1460.35,1459.64,1715.63,1568.47,1541.69,1552.91,1532.76,1530.58,1257.26,1247.12,1272.26,1275.75,1506.59,1461.94,1396.63,1452.45,1579.56,1550.89,1411.16,1457.58,1416.94,1307.85
175,175,2015-04-21,1630.84,1769.98,1640.1,1592.09,1516.27,1590.21,1587.53,1710.02,1460.35,1456.08,1715.63,1568.47,1541.69,1552.91,1530.68,1530.58,1257.26,1247.12,1272.26,1275.75,1506.59,1461.94,1396.63,1452.45,1579.56,1550.89,1411.16,1457.58,1416.94,1307.85
176,176,2015-04-22,1634.81,1769.98,1645.24,1592.09,1532.24,1590.21,1587.53,1710.02,1460.35,1456.08,1715.63,1568.47,1537.72,1547.77,1530.68,1514.61,1257.26,1247.12,1272.26,1275.75,1506.59,1461.94,1396.63,1452.45,1579.56,1550.89,1411.16,1457.58,1416.94,1307.85
177,177,2015-04-23,1634.81,1769.98,1645.24,1594.57,1532.24,1598.35,1587.53,1701.36,1457.87,1456.08,1724.29,1560.33,1537.72,1547.77,1530.68,1514.61,1257.26,1247.12,1272.26,1275.75,1506.59,1461.94,1396.63,1452.45,1579.56,1550.89,1411.16,1457.58,1416.94,1307.85
178,178,2015-04-24,1643.99,1773.5,1645.24,1594.57,1532.24,1598.35,1595.0,1701.36,1457.87,1448.61,1724.29,1560.33,1528.54,1547.77,1527.16,1514.61,1257.26,1247.12,1272.26,1275.75,1506.59,1461.94,1396.63,1452.45,1579.56,1550.89,1411.16,1457.58,1416.94,1307.85
179,179,2015-04-25,1643.99,1773.5,1650.12,1594.57,1537.42,1598.35,1595.0,1689.18,1457.87,1448.61,1736.47,1560.33,1528.54,1542.89,1527.16,1509.43,1257.26,1247.12,1272.26,1275.75,1506.59,1461.94,1396.63,1452.45,1579.56,1550.89,1411.16,1457.58,1416.94,1307.85
180,180,2015-04-26,1643.99,1779.43,1650.12,1584.23,1537.42,1607.92,1589.32,1689.18,1468.21,1454.29,1736.47,1550.76,1528.54,1542.89,1521.23,1509.43,1257.26,1247.12,1272.26,1275.75,1506.59,1461.94,1396.63,1452.45,1579.56,1550.89,1411.16,1457.58,1416.94,1307.85
181,181,2015-04-27,1652.56,1779.43,1638.17,1584.23,1550.57,1607.92,1589.32,1704.63,1468.21,1454.29,1721.02,1550.76,1519.97,1554.84,1521.23,1496.28,1257.26,1247.12,1272.26,1275.75,1506.59,1461.94,1396.63,1452.45,1579.56,1550.89,1411.16,1457.58,1416.94,1307.85
182,182,2015-04-28,1652.56,1779.43,1638.17,1576.77,1550.57,1600.78,1574.19,1704.63,1475.67,1469.42,1721.02,1557.9,1519.97,1554.84,1521.23,1496.28,1257.26,1247.12,1272.26,1275.75,1506.59,1461.94,1396.63,1452.45,1579.56,1550.89,1411.16,1457.58,1416.94,1307.85
183,183,2015-04-29,1652.56,1779.43,1642.55,1576.77,1550.57,1600.78,1574.19,1696.25,1475.67,1469.42,1729.4,1557.9,1519.97,1550.46,1521.23,1496.28,1257.26,1247.12,1272.26,1275.75,1506.59,1461.94,1396.63,1452.45,1579.56,1550.89,1411.16,1457.58,1416.94,1307.85
184,184,2015-04-30,1652.56,1779.43,1642.55,1581.04,1550.57,1605.02,1574.19,1696.25,1471.4,1469.42,1729.4,1553.66,1519.97,1550.46,1521.23,1496.28,1257.26,1247.12,1272.26,1275.75,1506.59,1461.94,1396.63,1452.45,1579.56,1550.89,1411.16,1457.58,1416.94,1307.85
185,185,2015-05-01,1652.56,1779.43,1642.55,1581.04,1550.57,1605.02,1607.45,1708.07,1471.4,1436.16,1717.58,1553.66,1519.97,1550.46,1521.23,1496.28,1257.26,1247.12,1272.26,1275.75,1506.59,1461.94,1396.63,1452.45,1579.56,1550.89,1411.16,1457.58,1416.94,1307.85
186,186,2015-05-02,1652.56,1779.43,1642.55,1599.01,1550.57,1605.02,1607.45,1708.07,1453.43,1436.16,1717.58,1553.66,1519.97,1550.46,1521.23,1496.28,1257.26,1247.12,1272.26,1275.75,1506.59,1461.94,1396.63,1452.45,1579.56,1550.89,1411.16,1457.58,1416.94,1307.85
187,187,2015-05-03,1652.56,1779.43,1642.55,1599.01,1550.57,1605.02,1607.45,1711.43,1453.43,1436.16,1714.22,1553.66,1519.97,1550.46,1521.23,1496.28,1257.26,1247.12,1272.26,1275.75,1506.59,1461.94,1396.63,1452.45,1579.56,1550.89,1411.16,1457.58,1416.94,1307.85
188,188,2015-05-04,1652.56,1783.2,1642.55,1586.7,1562.88,1601.25,1607.45,1711.43,1453.43,1436.16,1714.22,1553.66,1519.97,1550.46,1521.23,1496.28,1257.26,1247.12,1272.26,1275.75,1506.59,1461.94,1396.63,1452.45,1579.56,1550.89,1411.16,1457.58,1416.94,1307.85
189,189,2015-05-05,1639.28,1783.2,1626.84,1586.7,1562.88,1601.25,1620.73,1727.14,1453.43,1436.16,1714.22,1553.66,1519.97,1550.46,1521.23,1496.28,1257.26,1247.12,1272.26,1275.75,1506.59,1461.94,1396.63,1452.45,1579.56,1550.89,1411.16,1457.58,1416.94,1307.85
190,190,2015-05-06,1639.28,1765.05,1626.84,1595.12,1554.46,1619.4,1620.73,1727.14,1453.43,1436.16,1714.22,1553.66,1519.97,1550.46,1521.23,1496.28,1257.26,1247.12,1272.26,1275.75,1506.59,1461.94,1396.63,1452.45,1579.56,1550.89,1411.16,1457.58,1416.94,1307.85
191,191,2015-05-07,1647.54,1765.05,1634.58,1595.12,1554.46,1619.4,1612.47,1719.4,1453.43,1436.16,1714.22,1553.66,1519.97,1550.46,1521.23,1496.28,1257.26,1247.12,1272.26,1275.75,1506.59,1461.94,1396.63,1452.45,1579.56,1550.89,1411.16,1457.58,1416.94,1307.85
192,192,2015-05-08,1647.54,1765.05,1634.58,1595.12,1554.46,1619.4,1612.47,1719.4,1453.43,1436.16,1714.22,1553.66,1519.97,1550.46,1521.23,1496.28,1257.26,1247.12,1272.26,1275.75,1506.59,1461.94,1396.63,1452.45,1579.56,1550.89,1411.16,1457.58,1416.94,1307.85
193,193,2015-05-09,1643.21,1765.05,1626.01,1595.12,1554.46,1619.4,1616.8,1727.97,1453.43,1436.16,1714.22,1553.66,1519.97,1550.46,1521.23,1496.28,1257.26,1247.12,1272.26,1275.75,1506.59,1461.94,1396.63,1452.45,1579.56,1550.89,1411.16,1457.58,1416.94,1307.85
194,194,2015-05-10,1643.21,1752.87,1626.01,1591.29,1558.29,1631.58,1616.8,1727.97,1453.43,1436.16,1714.22,1553.66,1519.97,1550.46,1521.23,1496.28,1257.26,1247.12,1272.26,1275.75,1506.59,1461.94,1396.63,1452.45,1579.56,1550.89,1411.16,1457.58,1416.94,1307.85
195,195,2015-05-11,1649.42,1752.87,1616.4,1591.29,1558.29,1631.58,1610.59,1737.58,1453.43,1436.16,1714.22,1553.66,1519.97,1550.46,1521.23,1496.28,1257.26,1247.12,1272.26,1275.75,1506.59,1461.94,1396.63,1452.45,1579.56,1550.89,1411.16,1457.58,1416.94,1307.85
196,196,2015-05-12,1649.42,1766.39,1616.4,1600.14,1549.44,1618.06,1610.59,1737.58,1453.43,1436.16,1714.22,1553.66,1519.97,1550.46,1521.23,1496.28,1257.26,1247.12,1272.26,1275.75,1506.59,1461.94,1396.63,1452.45,1579.56,1550.89,1411.16,1457.58,1416.94,1307.85
197,197,2015-05-13,1653.35,1766.39,1634.69,1600.14,1549.44,1618.06,1606.66,1719.29,1453.43,1436.16,1714.22,1553.66,1519.97,1550.46,1521.23,1496.28,1257.26,1247.12,1272.26,1275.75,1506.59,1461.94,1396.63,1452.45,1579.56,1550.89,1411.16,1457.58,1416.94,1307.85
198,198,2015-05-14,1653.35,1771.67,1634.69,1602.27,1547.31,1612.78,1606.66,1719.29,1453.43,1436.16,1714.22,1553.66,1519.97,1550.46,1521.23,1496.28,1257.26,1247.12,1272.26,1275.75,1506.59,1461.94,1396.63,1452.45,1579.56,1550.89,1411.16,1457.58,1416.94,1307.85
199,199,2015-05-15,1673.75,1771.67,1654.98,1602.27,1547.31,1612.78,1586.26,1699.0,1453.43,1436.16,1714.22,1553.66,1519.97,1550.46,1521.23,1496.28,1257.26,1247.12,1272.26,1275.75,1506.59,1461.94,1396.63,1452.45,1579.56,1550.89,1411.16,1457.58,1416.94,1307.85
200,200,2015-05-16,1673.75,1781.41,1654.98,1608.82,1540.76,1603.04,1586.26,1699.0,1453.43,1436.16,1714.22,1553.66,1519.97,1550.46,1521.23,1496.28,1257.26,1247.12,1272.26,1275.75,1506.59,1461.94,1396.63,1452.45,1579.56,1550.89,1411.16,1457.58,1416.94,1307.85
201,201,2015-05-17,1673.75,1781.41,1654.98,1608.82,1540.76,1603.04,1586.26,1699.0,1453.43,1436.16,1714.22,1553.66,1519.97,1550.46,1521.23,1496.28,1257.26,1247.12,1272.26,1275.75,1506.59,1461.94,1396.63,1452.45,1579.56,1550.89,1411.16,1457.58,1416.94,1307.85
202,202,2015-05-18,1673.75,1781.41,1664.83,1608.82,1540.76,1603.04,1586.26,1689.15,1453.43,1436.16,1714.22,1553.66,1519.97,1550.46,1521.23,1496.28,1257.26,1247.12,1272.26,1275.75,1506.59,1461.94,1396.63,1452.45,1579.56,1550.89,1411.16,1457.58,1416.94,1307.85
203,203,2015-05-19,1673.75,1781.41,1664.83,1608.82,1540.76,1603.04,1586.26,1689.15,1453.43,1436.16,1714.22,1553.66,1519.97,1550.46,1521.23,1496.28,1257.26,1247.12,1272.26,1275.75,1506.59,1461.94,1396.63,1452.45,1579.56,1550.89,1411.16,1457.58,1416.94,1307.85
204,204,2015-05-20,1673.75,1783.82,1662.42,1608.82,1540.76,1603.04,1586.26,1689.15,1453.43,1436.16,1714.22,1553.66,1519.97,1550.46,1521.23,1496.28,1257.26,1247.12,1272.26,1275.75,1506.59,1461.94,1396.63,1452.45,1579.56,1550.89,1411.16,1457.58,1416.94,1307.85
205,205,2015-05-21,1684.03,1783.82,1662.42,1598.54,1540.76,1603.04,1586.26,1689.15,1453.43,1436.16,1714.22,1553.66,1519.97,1550.46,1521.23,1496.28,1257.26,1247.12,1272.26,1275.75,1506.59,1461.94,1396.63,1452.45,1579.56,1550.89,1411.16,1457.58,1416.94,1307.85
206,206,2015-05-22,1684.03,1785.32,1660.92,1598.54,1540.76,1603.04,1586.26,1689.15,1453.43,1436.16,1714.22,1553.66,1519.97,1550.46,1521.23,1496.28,1257.26,1247.12,1272.26,1275.75,1506.59,1461.94,1396.63,1452.45,1579.56,1550.89,1411.16,1457.58,1416.94,1307.85
207,207,2015-05-23,1696.29,1785.32,1660.92,1586.28,1540.76,1603.04,1586.26,1689.15,1453.43,1436.16,1714.22,1553.66,1519.97,1550.46,1521.23,1496.28,1257.26,1247.12,1272.26,1275.75,1506.59,1461.94,1396.63,1452.45,1579.56,1550.89,1411.16,1457.58,1416.94,1307.85
208,208,2015-05-24,1696.29,1807.65,1638.59,1586.28,1540.76,1603.04,1586.26,1689.15,1453.43,1436.16,1714.22,1553.66,1519.97,1550.46,1521.23,1496.28,1257.26,1247.12,1272.26,1275.75,1506.59,1461.94,1396.63,1452.45,1579.56,1550.89,1411.16,1457.58,1416.94,1307.85
209,209,2015-05-25,1698.49,1807.65,1638.59,1584.08,1540.76,1603.04,1586.26,1689.15,1453.43,1436.16,1714.22,1553.66,1519.97,1550.46,1521.23,1496.28,1257.26,1247.12,1272.26,1275.75,1506.59,1461.94,1396.63,1452.45,1579.56,1550.89,1411.16,1457.58,1416.94,1307.85
210,210,2015-05-26,1698.49,1792.14,1654.1,1584.08,1540.76,1603.04,1586.26,1689.15,1453.43,1436.16,1714.22,1553.66,1519.97,1550.46,1521.23,1496.28,1257.26,1247.12,1272.26,1275.75,1506.59,1461.94,1396.63,1452.45,1579.56,1550.89,1411.16,1457.58,1416.94,1307.85
211,211,2015-05-27,1706.91,1792.14,1654.1,1575.66,1540.76,1603.04,1586.26,1689.15,1453.43,1436.16,1714.22,1553.66,1519.97,1550.46,1521.23,1496.28,1257.26,1247.12,1272.26,1275.75,1506.59,1461.94,1396.63,1452.45,1579.56,1550.89,1411.16,1457.58,1416.94,1307.85
212,212,2015-05-28,1706.91,1796.52,1649.72,1575.66,1540.76,1603.04,1586.26,1689.15,1453.43,1436.16,1714.22,1553.66,1519.97,1550.46,1521.23,1496.28,1257.26,1247.12,1272.26,1275.75,1506.59,1461.94,1396.63,1452.45,1579.56,1550.89,1411.16,1457.58,1416.94,1307.85
213,213,2015-05-29,1706.91,1796.52,1649.72,1575.66,1540.76,1603.04,1586.26,1689.15,1453.43,1436.16,1714.22,1553.66,1519.97,1550.46,1521.23,1496.28,1257.26,1247.12,1272.26,1275.75,1506.59,1461.94,1396.63,1452.45,1579.56,1550.89,1411.16,1457.58,1416.94,1307.85
214,214,2015-05-30,1706.91,1796.52,1649.72,1575.66,1540.76,1603.04,1586.26,1689.15,1453.43,1436.16,1714.22,1553.66,1519.97,1550.46,1521.23,1496.28,1257.26,1247.12,1272.26,1275.75,1506.59,1461.94,1396.63,1452.45,1579.56,1550.89,1411.16,1457.58,1416.94,1307.85
215,215,2015-05-31,1706.91,1796.52,1649.72,1575.66,1540.76,1603.04,1586.26,1689.15,1453.43,1436.16,1714.22,1553.66,1519.97,1550.46,1521.23,1496.28,1257.26,1247.12,1272.26,1275.75,1506.59,1461.94,1396.63,1452.45,1579.56,1550.89,1411.16,1457.58,1416.94,1307.85
216,216,2015-06-01,1706.91,1796.52,1649.72,1575.66,1540.76,1603.04,1586.26,1689.15,1453.43,1436.16,1714.22,1553.66,1519.97,1550.46,1521.23,1496.28,1257.26,1247.12,1272.26,1275.75,1506.59,1461.94,1396.63,1452.45,1579.56,1550.89,1411.16,1457.58,1416.94,1307.85
217,217,2015-06-02,1706.91,1796.52,1649.72,1575.66,1540.76,1603.04,1586.26,1689.15,1453.43,1436.16,1714.22,1553.66,1519.97,1550.46,1521.23,1496.28,1257.26,1247.12,1272.26,1275.75,1506.59,1461.94,1396.63,1452.45,1579.56,1550.89,1411.16,1457.58,1416.94,1307.85
218,218,2015-06-03,1706.91,1796.52,1649.72,1575.66,1540.76,1603.04,1586.26,1689.15,1453.43,1436.16,1714.22,1553.66,1519.97,1550.46,1521.23,1496.28,1257.26,1247.12,1272.26,1275.75,1506.59,1461.94,1396.63,1452.45,1579.56,1550.89,1411.16,1457.58,1416.94,1307.85
219,219,2015-06-04,1706.91,1796.52,1649.72,1575.66,1540.76,1603.04,1586.26,1689.15,1453.43,1436.16,1714.22,1553.66,1519.97,1550.46,1521.23,1496.28,1257.26,1247.12,1272.26,1275.75,1506.59,1461.94,1396.63,1452.45,1579.56,1550.89,1411.16,1457.58,1416.94,1307.85
220,220,2015-06-05,1702.95,1800.48,1649.72,1575.66,1540.76,1603.04,1586.26,1689.15,1453.43,1436.16,1714.22,1553.66,1519.97,1550.46,1521.23,1496.28,1257.26,1247.12,1272.26,1275.75,1506.59,1461.94,1396.63,1452.45,1579.56,1550.89,1411.16,1457.58,1416.94,1307.85
221,221,2015-06-06,1702.95,1800.48,1649.72,1575.66,1540.76,1603.04,1586.26,1689.15,1453.43,1436.16,1714.22,1553.66,1519.97,1550.46,1521.23,1496.28,1257.26,1247.12,1272.26,1275.75,1506.59,1461.94,1396.63,1452.45,1579.56,1550.89,1411.16,1457.58,1416.94,1307.85
222,222,2015-06-07,1702.95,1800.48,1649.72,1575.66,1540.76,1603.04,1586.26,1689.15,1453.43,1436.16,1714.22,1553.66,1519.97,1550.46,1521.23,1496.28,1257.26,1247.12,1272.26,1275.75,1506.59,1461.94,1396.63,1452.45,1579.56,1550.89,1411.16,1457.58,1416.94,1307.85
223,223,2015-06-08,1711.64,1791.79,1649.72,1575.66,1540.76,1603.04,1586.26,1689.15,1453.43,1436.16,1714.22,1553.66,1519.97,1550.46,1521.23,1496.28,1257.26,1247.12,1272.26,1275.75,1506.59,1461.94,1396.63,1452.45,1579.56,1550.89,1411.16,1457.58,1416.94,1307.85
224,224,2015-06-09,1711.64,1791.79,1649.72,1575.66,1540.76,1603.04,1586.26,1689.15,1453.43,1436.16,1714.22,1553.66,1519.97,1550.46,1521.23,1496.28,1257.26,1247.12,1272.26,1275.75,1506.59,1461.94,1396.63,1452.45,1579.56,1550.89,1411.16,1457.58,1416.94,1307.85
225,225,2015-06-10,1718.17,1785.26,1649.72,1575.66,1540.76,1603.04,1586.26,1689.15,1453.43,1436.16,1714.22,1553.66,1519.97,1550.46,1521.23,1496.28,1257.26,1247.12,1272.26,1275.75,1506.59,1461.94,1396.63,1452.45,1579.56,1550.89,1411.16,1457.58,1416.94,1307.85
226,226,2015-06-11,1718.17,1785.26,1649.72,1575.66,1540.76,1603.04,1586.26,1689.15,1453.43,1436.16,1714.22,1553.66,1519.97,1550.46,1521.23,1496.28,1257.26,1247.12,1272.26,1275.75,1506.59,1461.94,1396.63,1452.45,1579.56,1550.89,1411.16,1457.58,1416.94,1307.85
227,227,2015-06-12,1699.12,1804.31,1649.72,1575.66,1540.76,1603.04,1586.26,1689.15,1453.43,1436.16,1714.22,1553.66,1519.97,1550.46,1521.23,1496.28,1257.26,1247.12,1272.26,1275.75,1506.59,1461.94,1396.63,1452.45,1579.56,1550.89,1411.16,1457.58,1416.94,1307.85
228,228,2015-06-13,1699.12,1804.31,1649.72,1575.66,1540.76,1603.04,1586.26,1689.15,1453.43,1436.16,1714.22,1553.66,1519.97,1550.46,1521.23,1496.28,1257.26,1247.12,1272.26,1275.75,1506.59,1461.94,1396.63,1452.45,1579.56,1550.89,1411.16,1457.58,1416.94,1307.85
229,229,2015-06-14,1699.12,1804.31,1649.72,1575.66,1540.76,1603.04,1586.26,1689.15,1453.43,1436.16,1714.22,1553.66,1519.97,1550.46,1521.23,1496.28,1257.26,1247.12,1272.26,1275.75,1506.59,1461.94,1396.63,1452.45,1579.56,1550.89,1411.16,1457.58,1416.94,1307.85
230,230,2015-06-15,1694.18,1809.25,1649.72,1575.66,1540.76,1603.04,1586.26,1689.15,1453.43,1436.16,1714.22,1553.66,1519.97,1550.46,1521.23,1496.28,1257.26,1247.12,1272.26,1275.75,1506.59,1461.94,1396.63,1452.45,1579.56,1550.89,1411.16,1457.58,1416.94,1307.85
231,231,2015-06-16,1694.18,1809.25,1649.72,1575.66,1540.76,1603.04,1586.26,1689.15,1453.43,1436.16,1714.22,1553.66,1519.97,1550.46,1521.23,1496.28,1257.26,1247.12,1272.26,1275.75,1506.59,1461.94,1396.63,1452.45,1579.56,1550.89,1411.16,1457.58,1416.94,1307.85
232,232,2015-06-17,1685.6,1817.83,1649.72,1575.66,1540.76,1603.04,1586.26,1689.15,1453.43,1436.16,1714.22,1553.66,1519.97,1550.46,1521.23,1496.28,1257.26,1247.12,1272.26,1275.75,1506.59,1461.94,1396.63,1452.45,1579.56,1550.89,1411.16,1457.58,1416.94,1307.85
